,open,high,low,close,d%change,c%change
2020-01-02,10000.0,10000.0,10000.0,10000.0,,0.0
2020-01-03,10000.0,10000.0,10000.0,10000.0,0.0,0.0
2020-01-06,10000.0,10000.0,10000.0,10000.0,0.0,0.0
2020-01-07,10000.0,10000.0,10000.0,10000.0,0.0,0.0
2020-01-08,10000.0,10000.0,10000.0,10000.0,0.0,0.0
2020-01-09,10000.0,10000.0,10000.0,10000.0,0.0,0.0
2020-01-10,10000.0,10000.0,10000.0,10000.0,0.0,0.0
2020-01-13,10000.0,10000.0,10000.0,10000.0,0.0,0.0
2020-01-14,10000.0,10000.0,10000.0,10000.0,0.0,0.0
2020-01-15,10000.0,10000.0,10000.0,10000.0,0.0,0.0
2020-01-16,10000.0,10000.0,10000.0,10000.0,0.0,0.0
2020-01-17,9999.03,10021.55,9997.66,10020.51,0.21,0.21
2020-01-21,9991.59,10005.65,9961.2,9984.68,-0.36,-0.15
2020-01-22,9996.07,10002.99,9965.89,9968.56,-0.16,-0.31
2020-01-23,9956.41,9964.76,9935.83,9953.57,-0.15,-0.46
2020-01-24,9959.09,9972.4,9884.3,9911.72,-0.42,-0.88
2020-01-27,9854.22,9892.14,9823.0,9835.53,-0.77,-1.64
2020-01-28,9866.84,9911.83,9833.74,9884.0,0.49,-1.16
2020-01-29,9895.89,9906.73,9823.48,9835.26,-0.49,-1.65
2020-01-30,9798.65,9852.61,9739.7,9825.36,-0.1,-1.75
2020-01-31,9801.34,9813.8,9661.94,9702.91,-1.25,-2.97
2020-02-03,9718.63,9819.17,9691.97,9748.72,0.47,-2.51
2020-02-04,9837.16,9913.1,9794.83,9871.88,1.26,-1.28
2020-02-05,9947.07,10001.09,9817.92,9916.3,0.45,-0.84
2020-02-06,9915.54,10022.14,9805.39,9928.85,0.13,-0.71
2020-02-07,9896.95,9969.79,9790.49,9836.74,-0.93,-1.63
2020-02-10,9785.53,9929.53,9745.39,9913.3,0.78,-0.87
2020-02-11,9961.29,10026.44,9865.44,9930.35,0.17,-0.7
2020-02-12,9969.86,10066.31,9910.69,10000.88,0.71,0.01
2020-02-13,9950.85,10069.41,9897.8,9992.63,-0.08,-0.07
2020-02-14,10004.53,10060.91,9887.2,9968.77,-0.24,-0.31
2020-02-18,9954.16,10024.47,9863.55,9944.08,-0.25,-0.56
2020-02-19,9974.41,10075.17,9908.75,9993.93,0.5,-0.06
2020-02-20,9957.64,10024.66,9741.15,9848.13,-1.46,-1.52
2020-02-21,9811.49,9839.03,9621.58,9692.75,-1.58,-3.07
2020-02-24,9396.37,9531.12,9313.48,9402.27,-3.0,-5.98
2020-02-25,9440.17,9473.96,9242.93,9270.73,-1.4,-7.29
2020-02-26,9307.43,9384.83,9233.09,9262.44,-0.09,-7.38
2020-02-27,9171.18,9229.96,9019.38,9029.36,-2.52,-9.71
2020-02-28,8889.27,8288.22,8976.64,8367.65,-7.33,-16.32
2020-03-02,8297.14,8333.37,8854.34,8474.36,1.28,-15.26
2020-03-03,8420.38,8283.4,8880.82,8749.76,3.25,-12.5
2020-03-04,8614.31,8571.35,8980.15,8726.53,-0.27,-12.73
2020-03-05,9025.74,8950.09,9560.47,9449.3,8.28,-5.51
2020-03-06,9760.64,9388.9,10221.54,10037.54,6.23,0.38
2020-03-09,11301.32,11077.08,11981.88,11846.38,18.02,18.46
2020-03-10,11332.84,11136.83,12360.66,11494.99,-2.97,14.95
2020-03-11,11737.78,11565.95,12431.28,12211.8,6.24,22.12
2020-03-12,12953.53,12387.19,13400.32,13154.59,7.72,31.55
2020-03-13,12502.16,12350.35,13320.03,12623.44,-4.04,26.23
2020-03-16,13373.85,12563.37,13684.01,13279.05,5.19,32.79
2020-03-17,13181.41,13004.51,13806.77,13669.4,2.94,36.69
2020-03-18,13972.35,13769.29,14665.58,14223.67,4.05,42.24
2020-03-19,14209.35,13659.55,14476.42,13960.36,-1.85,39.6
2020-03-20,13774.63,13372.49,14130.53,13937.38,-0.16,39.37
2020-03-23,13948.25,13686.02,14280.09,14031.65,0.68,40.32
2020-03-24,13536.32,12833.68,13734.77,13181.39,-6.06,31.81
2020-03-25,12767.16,12377.24,13316.44,12831.62,-2.65,28.32
2020-03-26,12686.44,12149.27,12944.88,12631.19,-1.56,26.31
2020-03-27,12919.12,12904.77,13238.13,13181.93,4.36,31.82
2020-03-30,13295.52,13270.3,13492.41,13409.5,1.73,34.09
2020-03-31,13453.73,13204.48,13486.23,13356.97,-0.39,33.57
2020-04-01,13418.76,13408.52,13545.43,13526.82,1.27,35.27
2020-04-02,13488.34,13428.12,13530.75,13494.44,-0.24,34.94
2020-04-03,13423.21,13394.84,13503.83,13422.59,-0.53,34.23
2020-04-06,13414.99,13367.95,13418.91,13388.95,-0.25,33.89
2020-04-07,13328.68,13328.68,13328.68,13328.68,-0.45,33.29
2020-04-08,13328.68,13328.68,13328.68,13328.68,0.0,33.29
2020-04-09,13328.68,13328.68,13328.68,13328.68,0.0,33.29
2020-04-13,13328.68,13328.68,13328.68,13328.68,0.0,33.29
2020-04-14,13328.68,13328.68,13328.68,13328.68,0.0,33.29
2020-04-15,13328.68,13328.68,13328.68,13328.68,0.0,33.29
2020-04-16,13328.68,13328.68,13328.68,13328.68,0.0,33.29
2020-04-17,13328.68,13328.68,13328.68,13328.68,0.0,33.29
2020-04-20,13328.68,13328.68,13328.68,13328.68,0.0,33.29
2020-04-21,13328.68,13328.68,13328.68,13328.68,0.0,33.29
2020-04-22,13328.68,13328.68,13328.68,13328.68,0.0,33.29
2020-04-23,13328.68,13328.68,13328.68,13328.68,0.0,33.29
2020-04-24,13328.68,13328.68,13328.68,13328.68,0.0,33.29
2020-04-27,13328.68,13328.68,13328.68,13328.68,0.0,33.29
2020-04-28,13328.68,13328.68,13328.68,13328.68,0.0,33.29
2020-04-29,13328.68,13328.68,13328.68,13328.68,0.0,33.29
2020-04-30,13328.68,13328.68,13328.68,13328.68,0.0,33.29
2020-05-01,13328.68,13328.68,13328.68,13328.68,0.0,33.29
2020-05-04,13328.68,13328.68,13328.68,13328.68,0.0,33.29
2020-05-05,13328.68,13328.68,13328.68,13328.68,0.0,33.29
2020-05-06,13328.68,13328.68,13328.68,13328.68,0.0,33.29
2020-05-07,13328.68,13328.68,13328.68,13328.68,0.0,33.29
2020-05-08,13327.47,13353.12,13277.25,13350.96,0.17,33.51
2020-05-11,13338.36,13400.64,13332.51,13383.54,0.24,33.84
2020-05-12,13396.59,13410.09,13364.91,13364.91,-0.14,33.65
2020-05-13,13373.19,13378.14,13324.59,13353.84,-0.08,33.54
2020-05-14,13335.3,13365.36,13332.42,13361.94,0.06,33.62
2020-05-15,13350.51,13415.67,13343.49,13410.27,0.36,34.1
2020-05-18,13459.05,13459.05,13415.85,13421.43,0.08,34.21
2020-05-19,13415.4,13447.53,13415.4,13422.78,0.01,34.23
2020-05-20,13447.98,13466.61,13410.81,13429.98,0.05,34.3
2020-05-21,13422.87,13433.4,13401.9,13409.82,-0.15,34.1
2020-05-22,13409.73,13419.99,13390.47,13403.16,-0.05,34.03
2020-05-26,13418.64,13428.72,13353.3,13357.17,-0.34,33.57
2020-05-27,13354.65,13364.64,13274.19,13299.75,-0.43,33.0
2020-05-28,13301.21,13357.36,13203.94,13249.98,-0.37,32.5
2020-05-29,13246.38,13386.67,13199.8,13344.12,0.71,33.44
2020-06-01,13345.56,13454.87,13276.08,13374.66,0.23,33.75
2020-06-02,13386.54,13468.67,13294.03,13373.3,-0.01,33.73
2020-06-03,13438.97,13472.66,13313.42,13339.89,-0.25,33.4
2020-06-04,13314.72,13420.51,13244.88,13340.81,0.01,33.41
2020-06-05,13422.27,13506.19,13295.03,13384.32,0.33,33.84
2020-06-08,13377.54,13575.22,13090.06,13521.98,1.03,35.22
2020-06-09,13147.62,13329.32,12817.51,13141.57,-2.81,31.42
2020-06-10,13034.74,13141.87,12638.33,12805.06,-2.56,28.05
2020-06-11,12200.05,12251.26,12025.67,12038.09,-5.99,20.38
2020-06-12,12152.21,12182.66,11953.93,12049.32,0.09,20.49
2020-06-15,11949.9,12209.65,11922.26,12162.24,0.94,21.62
2020-06-16,12296.89,12346.65,12141.84,12263.07,0.83,22.63
2020-06-17,12290.78,12335.31,12196.04,12224.09,-0.32,22.24
2020-06-18,12192.0,12295.08,12171.49,12251.67,0.23,22.52
2020-06-19,12303.63,12359.86,12175.61,12249.89,-0.01,22.5
2020-06-22,12239.46,12363.35,12197.53,12312.11,0.51,23.12
2020-06-23,12365.52,12395.33,12226.59,12250.96,-0.5,22.51
2020-06-24,12226.37,12288.95,12097.19,12165.84,-0.69,21.66
2020-06-25,12156.94,12304.37,12112.06,12289.93,1.02,22.9
2020-06-26,12282.97,12340.13,12157.93,12224.17,-0.54,22.24
2020-06-29,12238.05,12277.53,12106.49,12208.2,-0.13,22.08
2020-06-30,12194.56,12298.15,12157.12,12269.56,0.5,22.7
2020-07-01,12263.67,12340.28,12207.46,12279.3,0.08,22.79
2020-07-02,12352.62,12371.1,12254.17,12279.43,0.0,22.79
2020-07-06,12354.84,12405.98,12205.2,12245.02,-0.28,22.45
2020-07-07,12204.41,12270.58,12129.53,12173.54,-0.58,21.74
2020-07-08,12198.33,12363.76,12095.48,12253.0,0.65,22.53
2020-07-09,12303.65,12414.22,12147.63,12307.79,0.45,23.08
2020-07-10,12331.15,12423.43,12210.62,12331.82,0.2,23.32
2020-07-13,12393.13,12479.53,12110.48,12147.43,-1.5,21.47
2020-07-14,12143.16,12381.56,12027.53,12346.36,1.64,23.46
2020-07-15,12410.81,12533.36,12246.17,12437.13,0.74,24.37
2020-07-16,12416.28,12579.89,12291.8,12447.5,0.08,24.48
2020-07-17,12482.61,12583.8,12343.78,12483.58,0.29,24.84
2020-07-20,12492.52,12732.29,12364.11,12615.33,1.06,26.15
2020-07-21,12638.84,12722.33,12402.27,12484.98,-1.03,24.85
2020-07-22,12531.19,12698.01,12389.98,12559.87,0.6,25.6
2020-07-23,12549.65,12730.57,12401.24,12499.19,-0.48,24.99
2020-07-24,12424.33,12533.07,12266.31,12370.69,-1.03,23.71
2020-07-27,12422.42,12659.61,12320.23,12556.94,1.51,25.57
2020-07-28,12493.99,12613.85,12334.11,12412.62,-1.15,24.13
2020-07-29,12556.55,12848.66,12457.36,12728.55,2.55,27.29
2020-07-30,12633.81,12849.32,12429.23,12643.54,-0.67,26.44
2020-07-31,12689.31,12755.47,12423.66,12649.47,0.05,26.49
2020-08-03,12735.08,12863.63,12584.07,12710.15,0.48,27.1
2020-08-04,12695.76,12972.11,12614.05,12860.35,1.18,28.6
2020-08-05,12913.0,13062.41,12792.24,12963.36,0.8,29.63
2020-08-06,12949.63,13026.86,12764.35,12901.27,-0.48,29.01
2020-08-07,12823.67,13013.11,12624.06,12911.44,0.08,29.11
2020-08-10,12917.56,13088.86,12685.07,12912.17,0.01,29.12
2020-08-11,12983.32,13135.81,12712.79,12797.63,-0.89,27.98
2020-08-12,12911.87,13168.78,12786.75,13045.81,1.94,30.46
2020-08-13,12998.63,13145.57,12871.64,13006.11,-0.3,30.06
2020-08-14,12987.63,13167.19,12880.37,13035.94,0.23,30.36
2020-08-17,13091.03,13225.59,12995.49,13091.41,0.43,30.91
2020-08-18,13100.82,13168.81,12913.47,13020.09,-0.54,30.2
2020-08-19,13049.68,13177.81,12951.32,13029.57,0.07,30.3
2020-08-20,12953.31,13131.43,12876.59,13074.81,0.35,30.75
2020-08-21,13077.61,13209.45,12962.67,13112.34,0.29,31.12
2020-08-24,13208.63,13360.97,13054.24,13269.09,1.2,32.69
2020-08-25,13308.83,13447.86,13141.62,13336.66,0.51,33.37
2020-08-26,13337.04,13526.76,13224.83,13397.02,0.45,33.97
2020-08-27,13374.14,13518.13,13120.27,13243.55,-1.15,32.44
2020-08-28,13294.14,13432.42,13144.5,13304.47,0.46,33.04
2020-08-31,13269.51,13510.62,13127.88,13326.08,0.16,33.26
2020-09-01,13341.93,13558.58,13202.04,13450.81,0.94,34.51
2020-09-02,13536.97,13783.24,13363.37,13640.96,1.41,36.41
2020-09-03,13554.69,13644.08,12954.75,13093.16,-4.02,30.93
2020-09-04,13115.82,13266.11,12745.44,13066.29,-0.21,30.66
2020-09-08,12855.08,13018.81,12646.29,12736.06,-2.53,27.36
2020-09-09,12875.11,13054.24,12785.03,12974.6,1.87,29.75
2020-09-10,13020.93,13082.05,12748.31,12791.57,-1.41,27.92
2020-09-11,12871.74,12945.44,12700.38,12808.01,0.13,28.08
2020-09-14,12918.27,13020.79,12790.59,12914.38,0.83,29.14
2020-09-15,12939.35,13077.4,12816.85,12936.81,0.17,29.37
2020-09-16,13051.47,13163.94,12854.2,12937.91,0.01,29.38
2020-09-17,12790.74,12928.21,12698.14,12839.79,-0.76,28.4
2020-09-18,12833.36,12922.92,12624.06,12686.54,-1.19,26.87
2020-09-21,12576.95,12662.56,12444.16,12619.28,-0.53,26.19
2020-09-22,12645.96,12720.74,12549.6,12691.29,0.57,26.91
2020-09-23,12710.5,12803.02,12597.94,12627.33,-0.5,26.27
2020-09-24,12627.46,12734.1,12510.06,12630.43,0.02,26.3
2020-09-25,12593.76,12733.78,12521.28,12703.2,0.58,27.03
2020-09-28,12794.98,12864.58,12725.07,12796.84,0.74,27.97
2020-09-29,12796.22,12899.18,12706.5,12805.48,0.07,28.05
2020-09-30,12811.15,12928.06,12763.2,12840.51,0.27,28.41
2020-10-01,12910.92,13012.09,12844.82,12939.85,0.77,29.4
2020-10-02,12803.85,12980.74,12752.13,12892.53,-0.37,28.93
2020-10-05,12943.89,13085.47,12894.96,13043.48,1.17,30.43
2020-10-06,13073.3,13188.08,12948.11,12981.66,-0.47,29.82
2020-10-07,13086.61,13217.69,13054.0,13130.51,1.15,31.31
2020-10-08,13174.45,13237.51,13094.04,13166.81,0.28,31.67
2020-10-09,13167.76,13255.51,13074.42,13170.05,0.02,31.7
2020-10-12,13196.68,13304.77,13143.91,13235.04,0.49,32.35
2020-10-13,13204.96,13316.49,13156.47,13229.78,-0.04,32.3
2020-10-14,13240.15,13304.05,13127.65,13191.82,-0.29,31.92
2020-10-15,13105.43,13310.25,13066.0,13265.92,0.56,32.66
2020-10-16,13296.96,13354.52,13203.9,13238.18,-0.21,32.38
2020-10-19,13266.66,13342.07,13090.97,13136.7,-0.77,31.37
2020-10-20,13187.37,13326.32,13111.08,13188.15,0.39,31.88
2020-10-21,13196.21,13294.22,13058.91,13099.85,-0.67,31.0
2020-10-22,13132.78,13233.78,13017.45,13113.07,0.1,31.13
2020-10-23,13175.04,13323.17,13074.68,13288.69,1.34,32.89
2020-10-26,13220.96,13306.26,13011.9,13146.01,-1.07,31.46
2020-10-27,13307.41,13393.72,13100.49,13172.04,0.2,31.72
2020-10-28,13012.21,13091.83,12762.84,12807.94,-2.76,28.08
2020-10-29,12814.87,12955.82,12760.09,12891.51,0.65,28.92
2020-10-30,12846.28,12884.74,12642.32,12729.85,-1.25,27.3
2020-11-02,12806.66,12887.7,12728.47,12859.83,1.02,28.6
2020-11-03,12904.3,13013.02,12838.27,12959.48,0.77,29.59
2020-11-04,13054.94,13175.84,12962.81,13073.91,0.88,30.74
2020-11-05,13138.11,13252.93,13009.41,13120.14,0.35,31.2
2020-11-06,13127.47,13352.49,13004.77,13248.74,0.98,32.49
2020-11-09,13134.1,13341.44,12799.0,12875.81,-2.81,28.76
2020-11-10,12808.08,12958.05,12446.26,12689.79,-1.44,26.9
2020-11-11,12806.84,12949.37,12621.48,12778.76,0.7,27.79
2020-11-12,12734.3,12901.76,12503.06,12642.47,-1.07,26.42
2020-11-13,12728.91,12994.46,12631.42,12911.45,2.13,29.11
2020-11-16,13082.89,13301.13,12901.1,13230.42,2.47,32.3
2020-11-17,13144.17,13300.28,12981.34,13194.25,-0.27,31.94
2020-11-18,13230.55,13421.85,13016.61,13034.05,-1.21,30.34
2020-11-19,13000.75,13181.57,12839.91,13086.25,0.4,30.86
2020-11-20,13091.59,13224.87,12937.0,13048.52,-0.29,30.49
2020-11-23,13118.13,13458.72,13048.24,13335.11,2.2,33.35
2020-11-24,13614.29,13885.97,13369.68,13754.74,3.15,37.55
2020-11-25,13707.94,13841.96,13524.52,13695.82,-0.43,36.96
2020-11-27,13751.14,13863.76,13609.4,13712.66,0.12,37.13
2020-11-30,13685.69,13895.27,13461.52,13768.68,0.41,37.69
2020-12-01,13925.42,14168.83,13766.32,13977.51,1.52,39.78
2020-12-02,13920.7,14137.42,13782.04,13991.52,0.1,39.92
2020-12-03,14025.49,14270.21,13878.64,13997.28,0.04,39.97
2020-12-04,14054.07,14412.73,13936.98,14276.47,1.99,42.76
2020-12-07,14286.25,14360.02,14091.98,14217.02,-0.42,42.17
2020-12-08,14160.91,14402.1,14021.23,14278.04,0.43,42.78
2020-12-09,14324.84,14480.52,13975.38,14098.15,-1.26,40.98
2020-12-10,13981.21,14207.51,13853.08,14064.99,-0.24,40.65
2020-12-11,13944.51,14040.8,13653.78,13836.16,-1.63,38.36
2020-12-14,13993.46,14137.48,13678.58,13796.21,-0.29,37.96
2020-12-15,13948.2,14116.08,13783.42,14018.74,1.61,40.19
2020-12-16,14010.31,14164.33,13826.66,13984.55,-0.24,39.85
2020-12-17,14068.47,14154.61,13890.84,14070.45,0.61,40.7
2020-12-18,14033.83,14131.68,13815.4,13942.15,-0.91,39.42
2020-12-21,13746.56,13967.02,13598.43,13892.78,-0.35,38.93
2020-12-22,13928.61,14020.29,13749.01,13911.41,0.13,39.11
2020-12-23,13976.61,14189.9,13880.05,13978.04,0.48,39.78
2020-12-24,14026.95,14081.03,13901.96,14037.11,0.42,40.37
2020-12-28,14145.11,14231.15,13980.5,14010.38,-0.19,40.1
2020-12-29,14065.75,14110.2,13838.57,13934.66,-0.54,39.35
2020-12-30,13973.72,14153.28,13921.6,14041.21,0.76,40.41
2020-12-31,14032.34,14120.66,13936.53,14059.99,0.13,40.6
2021-01-04,14178.36,14365.32,13804.98,13935.92,-0.88,39.36
2021-01-05,13908.72,14320.83,13864.68,14206.53,1.94,42.07
2021-01-06,14213.83,14689.88,14116.72,14510.25,2.14,45.1
2021-01-07,14684.5,14999.41,14556.04,14815.55,2.1,48.16
2021-01-08,14884.22,15018.5,14605.81,14843.23,0.19,48.43
2021-01-11,14666.4,14895.39,14494.18,14725.92,-0.79,47.26
2021-01-12,14750.24,15064.11,14598.1,14909.02,1.24,49.09
2021-01-13,14886.76,15011.57,14637.14,14796.82,-0.75,47.97
2021-01-14,14859.55,15130.63,14736.77,14948.6,1.03,49.49
2021-01-15,14877.41,15055.72,14635.09,14811.82,-0.91,48.12
2021-01-19,14933.48,15153.44,14703.65,15023.09,1.43,50.23
2021-01-20,15122.94,15262.12,14869.38,14980.48,-0.28,49.8
2021-01-21,15012.78,15124.63,14750.92,14875.65,-0.7,48.76
2021-01-22,14803.58,14948.85,14631.29,14806.28,-0.47,48.06
2021-01-25,14813.25,15021.71,14518.21,14837.7,0.21,48.38
2021-01-26,14901.08,14959.7,14572.22,14667.3,-1.15,46.67
2021-01-27,14377.39,14494.03,13808.17,14057.16,-4.16,40.57
2021-01-28,14202.97,14472.86,13814.84,13985.35,-0.51,39.85
2021-01-29,14002.19,14193.17,13600.89,13742.05,-1.74,37.42
2021-02-01,13853.53,14083.67,13713.77,13966.22,1.63,39.66
2021-02-02,14121.14,14228.7,13824.48,14035.11,0.49,40.35
2021-02-03,14044.71,14272.7,13764.9,13931.98,-0.73,39.32
2021-02-04,13705.4,13935.68,13518.32,13814.7,-0.84,38.15
2021-02-05,13897.9,14056.75,13752.83,13899.99,0.62,39.0
2021-02-08,14015.91,14322.58,13905.99,14211.33,2.24,42.11
2021-02-09,14184.57,14388.16,14068.22,14270.38,0.42,42.7
2021-02-10,14346.81,14464.24,14059.58,14272.03,0.01,42.72
2021-02-11,14354.44,14552.23,14096.93,14303.37,0.22,43.03
2021-02-12,14327.09,14572.65,14238.33,14509.57,1.44,45.1
2021-02-16,14652.71,14818.87,14442.92,14662.88,1.06,46.63
2021-02-17,14536.63,14682.38,14309.84,14545.85,-0.8,45.46
2021-02-18,14445.44,14629.81,14204.68,14408.86,-0.94,44.09
2021-02-19,14531.62,14806.49,14383.04,14661.77,1.76,46.62
2021-02-22,14601.48,14844.28,14361.9,14510.12,-1.03,45.1
2021-02-23,14336.87,14548.77,13946.99,14423.43,-0.6,44.23
2021-02-24,14425.33,14932.78,14314.4,14793.03,2.56,47.93
2021-02-25,14711.81,14838.96,14030.05,14159.39,-4.28,41.59
2021-02-26,14225.03,14428.85,13971.13,14195.12,0.25,41.95
2021-03-01,14462.71,14685.43,14254.65,14451.62,1.81,44.52
2021-03-02,14455.9,14607.47,14223.49,14316.62,-0.93,43.17
2021-03-03,14340.19,14544.25,14022.6,14135.19,-1.27,41.35
2021-03-04,13996.34,14175.69,13415.38,13743.06,-2.77,37.43
2021-03-05,13888.14,14107.62,13487.29,14004.4,1.9,40.04
2021-03-08,14106.17,14450.61,13967.56,14220.92,1.55,42.21
2021-03-09,14232.1,14369.33,14026.16,14122.25,-0.69,41.22
2021-03-10,14162.7,14344.3,14026.47,14206.01,0.59,42.06
2021-03-11,14282.22,14493.27,14159.67,14331.57,0.88,43.32
2021-03-12,14358.97,14522.73,14202.96,14360.17,0.2,43.6
2021-03-15,14433.26,14634.05,14257.94,14570.0,1.46,45.7
2021-03-16,14519.72,14574.29,14201.88,14303.64,-1.83,43.04
2021-03-17,14292.51,14555.46,14180.75,14503.04,1.39,45.03
2021-03-18,14461.75,14625.34,14126.47,14178.04,-2.24,41.78
2021-03-19,14139.51,14406.6,13949.78,14206.33,0.2,42.06
2021-03-22,14223.13,14325.95,14000.64,14152.4,-0.38,41.52
2021-03-23,13977.6,14166.42,13643.05,13754.61,-2.81,37.55
2021-03-24,13896.35,14175.68,13720.98,13781.02,0.19,37.81
2021-03-25,13673.46,14089.97,13485.94,14021.01,1.74,40.21
2021-03-26,14167.23,14338.33,13916.78,14221.73,1.43,42.22
2021-03-29,14100.82,14317.19,13915.45,14071.89,-1.05,40.72
2021-03-30,14078.32,14356.99,13988.3,14260.74,1.34,42.61
2021-03-31,14260.71,14439.42,14102.61,14265.86,0.04,42.66
2021-04-01,14330.0,14622.95,14219.02,14558.19,2.05,45.58
2021-04-05,14681.99,14836.44,14435.94,14566.04,0.05,45.66
2021-04-06,14595.96,14748.59,14446.48,14584.3,0.13,45.84
2021-04-07,14605.53,14720.78,14455.7,14608.61,0.17,46.09
2021-04-08,14563.66,14653.61,14334.8,14548.26,-0.41,45.48
2021-04-09,14596.08,14701.07,14461.64,14628.46,0.55,46.28
2021-04-12,14656.36,14789.37,14475.44,14630.46,0.01,46.3
2021-04-13,14605.21,14689.03,14348.5,14551.11,-0.54,45.51
2021-04-14,14593.18,14880.29,14523.22,14720.14,1.16,47.2
2021-04-15,14775.82,14889.55,14562.61,14755.55,0.24,47.56
2021-04-16,14822.37,14918.06,14625.0,14715.57,-0.27,47.16
2021-04-19,14715.21,14839.53,14564.74,14697.72,-0.12,46.98
2021-04-20,14801.44,14952.3,14521.83,14711.59,0.09,47.12
2021-04-21,14652.41,15039.57,14527.93,15004.28,1.99,50.04
2021-04-22,15006.47,15149.1,14760.15,14863.73,-0.94,48.64
2021-04-23,14921.55,15267.44,14837.21,15192.07,2.21,51.92
2021-04-26,15261.19,15491.9,15138.75,15312.98,0.8,53.13
2021-04-27,15293.95,15558.27,15224.33,15438.13,0.82,54.38
2021-04-28,15422.27,15631.17,15279.0,15508.1,0.45,55.08
2021-04-29,15649.58,15782.91,15421.4,15602.98,0.61,56.03
2021-04-30,15527.17,15662.08,15259.33,15382.63,-1.41,53.83
2021-05-03,15523.21,15618.01,15290.03,15426.96,0.29,54.27
2021-05-04,15363.47,15498.85,15011.12,15236.43,-1.24,52.36
2021-05-05,15273.61,15496.38,15076.94,15306.19,0.46,53.06
2021-05-06,15301.93,15607.32,15101.14,15555.43,1.63,55.55
2021-05-07,15470.96,15869.47,15393.84,15784.07,1.47,57.84
2021-05-10,15851.98,16023.34,15613.45,15694.57,-0.57,56.95
2021-05-11,15427.61,15641.74,15171.94,15406.48,-1.84,54.06
2021-05-12,15418.4,15571.94,15149.84,15198.9,-1.35,51.99
2021-05-13,15180.73,15498.23,15087.33,15330.37,0.86,53.3
2021-05-14,15416.23,15780.96,15335.64,15681.31,2.29,56.81
2021-05-17,15644.1,15937.26,15490.33,15793.17,0.71,57.93
2021-05-18,15820.04,15949.5,15571.71,15630.69,-1.03,56.31
2021-05-19,15363.52,15554.8,15178.0,15474.87,-1.0,54.75
2021-05-20,15506.21,15608.53,15243.74,15392.47,-0.53,53.92
2021-05-21,15416.79,15550.1,15320.46,15370.66,-0.14,53.71
2021-05-24,15441.49,15595.47,15333.93,15510.37,0.91,55.1
2021-05-25,15535.04,15634.92,15293.13,15313.55,-1.27,53.14
2021-05-26,15354.36,15531.85,15267.09,15467.53,1.01,54.68
2021-05-27,15546.45,15688.72,15474.11,15608.68,0.91,56.09
2021-05-28,15670.97,15731.89,15484.97,15622.67,0.09,56.23
2021-06-01,15732.25,15935.23,15575.08,15824.89,1.29,58.25
2021-06-02,15905.57,16114.64,15654.68,15904.97,0.51,59.05
2021-06-03,15799.59,16121.15,15689.08,15979.39,0.47,59.79
2021-06-04,16063.38,16175.09,15790.5,16030.16,0.32,60.3
2021-06-07,16111.69,16230.41,15879.12,15960.04,-0.44,59.6
2021-06-08,15907.34,16161.41,15689.67,16063.26,0.65,60.63
2021-06-09,16077.54,16176.89,15802.33,15886.37,-1.1,58.86
2021-06-10,16075.16,16147.03,15600.55,15703.28,-1.15,57.03
2021-06-11,15769.99,15923.25,15638.28,15748.41,0.29,57.48
2021-06-14,15799.2,15929.41,15465.68,15564.27,-1.17,55.64
2021-06-15,15613.39,15838.57,15492.43,15745.28,1.16,57.45
2021-06-16,15667.19,15782.03,15395.15,15567.25,-1.13,55.67
2021-06-17,15539.77,15641.6,14809.01,15008.33,-3.59,50.08
2021-06-18,14753.26,14894.42,14643.42,14696.32,-2.08,46.96
2021-06-21,14776.26,15118.22,14762.8,15094.54,2.71,50.95
2021-06-22,15051.21,15115.92,14859.03,14999.94,-0.63,50.0
2021-06-23,15066.86,15238.19,15008.23,15037.71,0.25,50.38
2021-06-24,15053.31,15219.96,14963.64,15184.53,0.98,51.85
2021-06-25,15200.03,15304.14,15125.88,15250.15,0.43,52.5
2021-06-28,15216.06,15248.21,14912.17,14989.42,-1.71,49.89
2021-06-29,15052.43,15147.61,14887.26,14930.33,-0.39,49.3
2021-06-30,14974.07,15146.53,14937.11,15092.76,1.09,50.93
2021-07-01,15289.3,15418.98,15127.74,15300.49,1.38,53.0
2021-07-02,15256.19,15290.04,15126.4,15161.13,-0.91,51.61
2021-07-06,15165.65,15183.33,14793.87,14837.86,-2.13,48.38
2021-07-07,14842.46,14952.08,14620.81,14750.56,-0.59,47.51
2021-07-08,14568.99,14802.01,14508.95,14706.75,-0.3,47.07
2021-07-09,14822.5,14939.17,14733.51,14899.91,1.31,49.0
2021-07-12,14820.06,14983.06,14747.41,14931.83,0.21,49.32
2021-07-13,14906.19,15009.39,14795.1,14878.21,-0.36,48.78
2021-07-14,14925.5,15064.79,14519.87,14586.11,-1.96,45.86
2021-07-15,14484.33,14681.31,14385.8,14485.98,-0.69,44.86
2021-07-16,14562.66,14590.75,14336.37,14364.94,-0.84,43.65
2021-07-19,14167.0,14215.8,14096.84,14178.28,-1.3,41.78
2021-07-20,14185.43,14263.11,14181.99,14251.43,0.52,42.51
2021-07-21,14304.17,14356.11,14252.61,14265.23,0.1,42.65
2021-07-22,14279.79,14301.86,14240.19,14273.25,0.06,42.73
2021-07-23,14276.25,14298.34,14172.85,14228.16,-0.32,42.28
2021-07-26,14225.55,14290.76,14185.76,14268.32,0.28,42.68
2021-07-27,14242.67,14297.03,14135.8,14212.44,-0.39,42.12
2021-07-28,14209.91,14301.48,14156.1,14255.56,0.3,42.56
2021-07-29,14291.36,14463.33,14272.49,14373.57,0.83,43.74
2021-07-30,14366.28,14511.57,14331.91,14461.96,0.61,44.62
2021-08-02,14501.06,14619.01,14335.77,14476.32,0.1,44.76
2021-08-03,14477.72,14647.93,14297.93,14538.13,0.43,45.38
2021-08-04,14539.31,14741.18,14372.07,14491.54,-0.32,44.92
2021-08-05,14493.62,14723.33,14190.19,14479.7,-0.08,44.8
2021-08-06,14498.01,14706.4,14276.35,14570.95,0.63,45.71
2021-08-09,14538.5,14684.32,14359.19,14540.75,-0.21,45.41
2021-08-10,14534.03,14712.26,14317.93,14472.89,-0.47,44.73
2021-08-11,14521.5,14606.76,14176.89,14427.24,-0.32,44.27
2021-08-12,14380.39,14630.76,14253.68,14540.9,0.79,45.41
2021-08-13,14507.74,14624.72,14384.75,14526.3,-0.1,45.26
2021-08-16,14487.74,14649.17,14282.8,14558.33,0.22,45.58
2021-08-17,14404.47,14543.06,14040.4,14249.59,-2.12,42.5
2021-08-18,14221.72,14388.27,14083.92,14127.39,-0.86,41.27
2021-08-19,14006.25,14233.13,13945.9,14137.68,0.07,41.38
2021-08-20,14168.56,14328.63,14015.3,14212.46,0.53,42.12
2021-08-23,14318.35,14479.43,14219.38,14362.79,1.06,43.63
2021-08-24,14358.91,14525.31,14251.66,14418.81,0.39,44.19
2021-08-25,14410.35,14701.64,14365.37,14588.8,1.18,45.89
2021-08-26,14569.74,14678.85,14418.4,14501.09,-0.6,45.01
2021-08-27,14560.68,14751.03,14490.37,14627.82,0.87,46.28
2021-08-30,14689.97,14875.71,14592.01,14728.95,0.69,47.29
2021-08-31,14749.41,14821.53,14530.4,14701.76,-0.18,47.02
2021-09-01,14716.53,14896.3,14616.39,14808.55,0.73,48.09
2021-09-02,14865.66,15056.12,14813.29,14933.22,0.84,49.33
2021-09-03,14887.29,15058.36,14742.32,14938.78,0.04,49.39
2021-09-07,14906.93,14977.09,14669.12,14868.28,-0.47,48.68
2021-09-08,14883.51,15046.18,14732.81,14949.28,0.54,49.49
2021-09-09,14892.48,15147.36,14769.94,14971.48,0.15,49.71
2021-09-10,15096.43,15215.63,14893.61,14952.04,-0.13,49.52
2021-09-13,15018.98,15057.61,14463.57,14711.51,-1.61,47.12
2021-09-14,14821.23,14967.02,14651.27,14751.52,0.27,47.52
2021-09-15,14749.26,15043.03,14618.78,14938.56,1.27,49.39
2021-09-16,14926.31,15078.75,14752.59,14988.42,0.33,49.88
2021-09-17,14933.91,15051.36,14709.65,14859.01,-0.86,48.59
2021-09-20,14560.99,14732.02,14340.37,14592.23,-1.8,45.92
2021-09-21,14708.04,14775.27,14493.99,14570.11,-0.15,45.7
2021-09-22,14656.94,14844.54,14560.06,14735.52,1.14,47.36
2021-09-23,14814.08,14998.79,14757.62,14871.92,0.93,48.72
2021-09-24,14816.78,14922.47,14729.36,14818.8,-0.36,48.19
2021-09-27,14753.21,14809.03,14447.56,14544.24,-1.85,45.44
2021-09-28,14389.44,14443.25,14210.77,14270.24,-1.88,42.7
2021-09-29,14311.75,14378.08,14222.82,14270.05,-0.0,42.7
2021-09-30,14300.96,14336.83,14161.75,14180.45,-0.63,41.8
2021-10-01,14217.18,14279.55,14129.65,14232.71,0.37,42.33
2021-10-04,14197.3,14247.51,14034.56,14104.12,-0.9,41.04
2021-10-05,14129.9,14182.61,14082.08,14126.92,0.16,41.27
2021-10-06,14087.96,14118.48,14005.31,14058.86,-0.48,40.59
2021-10-07,14113.34,14154.67,14071.37,14091.22,0.23,40.91
2021-10-08,14096.83,14110.94,14032.09,14045.55,-0.32,40.46
2021-10-11,14047.74,14089.54,14009.55,14014.53,-0.22,40.15
2021-10-12,14042.12,14049.2,13964.53,13983.63,-0.22,39.84
2021-10-13,14013.29,14045.48,13978.16,14008.23,0.18,40.08
2021-10-14,14067.71,14087.83,14016.42,14058.63,0.36,40.59
2021-10-15,14070.7,14107.94,14049.68,14061.73,0.02,40.62
2021-10-18,14054.68,14105.38,13978.23,14043.37,-0.13,40.43
2021-10-19,14079.95,14151.86,14052.68,14144.77,0.72,41.45
2021-10-20,14147.77,14213.83,14076.16,14164.71,0.14,41.65
2021-10-21,14146.43,14224.23,14104.71,14204.72,0.28,42.05
2021-10-22,14236.6,14368.95,14195.56,14251.61,0.33,42.52
2021-10-25,14267.42,14332.39,14191.63,14255.96,0.03,42.56
2021-10-26,14290.86,14407.44,14160.02,14233.14,-0.16,42.33
2021-10-27,14248.32,14319.72,14120.39,14156.51,-0.54,41.57
2021-10-28,14347.03,14560.01,14239.46,14381.58,1.59,43.82
2021-10-29,14348.78,14566.92,14281.13,14501.44,0.83,45.01
2021-11-01,14533.4,14694.06,14383.98,14611.34,0.76,46.11
2021-11-02,14778.42,14961.1,14464.2,14664.37,0.36,46.64
2021-11-03,14660.54,14954.23,14346.44,14718.62,0.37,47.19
2021-11-04,14719.2,15100.12,14551.45,14881.6,1.11,48.82
2021-11-05,14812.58,15026.02,14523.62,14713.66,-1.13,47.14
2021-11-08,14652.25,14819.15,14434.17,14616.71,-0.66,46.17
2021-11-09,14638.58,14800.61,14358.7,14544.26,-0.5,45.44
2021-11-10,14423.17,14423.17,14423.17,14423.17,-0.83,44.23
