date,symbol,open,high,low,close,volume,dividends,stock_splits
2019-06-11,AMCR,10.082713,10.300522,10.037337,10.146241,35902400.0,0.0,0
2019-06-12,AMCR,10.173469,10.300524,10.082714,10.182544,11342500.0,0.0,0
2019-06-13,AMCR,10.155316,10.155316,9.792303,9.964734,8238300.0,0.0,0
2019-06-14,AMCR,9.982885,10.019187,9.846756,9.919358,12995000.0,0.0,0
2019-06-17,AMCR,9.774152,9.828604,9.628945,9.665247,11991200.0,0.0,0
2019-06-18,AMCR,9.737851,9.801379,9.674324,9.801379,6940300.0,0.0,0
2019-06-19,AMCR,9.756003,9.774155,9.492818,9.610798,7823900.0,0.0,0
2019-06-20,AMCR,9.728776,9.937509,9.719701,9.864906,7407700.0,0.0,0
2019-06-21,AMCR,9.919357,10.037337,9.846755,10.001036,15210900.0,0.0,0
2019-06-24,AMCR,10.028262,10.155316,9.792303,10.109941,23175800.0,0.0,0
2019-06-25,AMCR,10.182544,10.436653,10.119016,10.400352,12362000.0,0.0,0
2019-06-26,AMCR,10.345899,10.472954,10.2823715,10.445728,9356100.0,0.0,0
2019-06-27,AMCR,10.500179,10.527407,10.409427,10.427577,5419300.0,0.0,0
2019-06-28,AMCR,10.354975,10.436652,10.318673,10.427577,7604500.0,0.0,0
2019-07-01,AMCR,10.327749,10.373126,10.255146,10.373126,7799200.0,0.0,0
2019-07-02,AMCR,10.409428,10.527408,10.391276,10.509256,6608700.0,0.0,0
2019-07-03,AMCR,10.672612,10.681688,10.572783,10.60001,3013500.0,0.0,0
2019-07-05,AMCR,10.509256,10.572783,10.48203,10.536482,3565100.0,0.0,0
2019-07-08,AMCR,10.418502,10.445728,10.300523,10.3822,3031000.0,0.0,0
2019-07-09,AMCR,10.236994,10.236994,9.928432,10.001036,6699100.0,0.0,0
2019-07-10,AMCR,10.010112,10.082715,9.928433,9.946585,3642400.0,0.0,0
2019-07-11,AMCR,9.928433,10.055489,9.864906,10.055489,4404500.0,0.0,0
2019-07-12,AMCR,10.07364,10.128091,9.97381,10.119016,5162600.0,0.0,0
2019-07-15,AMCR,9.982886,10.055489,9.892132,10.055489,3025200.0,0.0,0
2019-07-16,AMCR,10.064564,10.064564,9.81953,9.892132,5764900.0,0.0,0
2019-07-17,AMCR,9.919357,10.191617,9.883056,10.146241,8203900.0,0.0,0
2019-07-18,AMCR,10.137166,10.318673,9.873981,10.236995,8115300.0,0.0,0
2019-07-19,AMCR,10.282373,10.354976,10.200695,10.2279215,3358100.0,0.0,0
2019-07-22,AMCR,10.046412,10.046412,9.674324,9.746926,8515500.0,0.0,0
2019-07-23,AMCR,9.801377,9.8739805,9.765077,9.855829,2969500.0,0.0,0
2019-07-24,AMCR,9.83768,9.892132,9.683399,9.792303,3836800.0,0.0,0
2019-07-25,AMCR,9.765077,10.073639,9.765077,9.964734,5477800.0,0.0,0
2019-07-26,AMCR,9.919359,10.100865,9.828605,9.946585,3171800.0,0.0,0
2019-07-29,AMCR,9.946585,9.946585,9.774154,9.864906,1736600.0,0.0,0
2019-07-30,AMCR,9.792304,9.81953,9.54727,9.628947,3826500.0,0.0,0
2019-07-31,AMCR,9.665249,9.93751,9.601722,9.619873,6685900.0,0.0,0
2019-08-01,AMCR,9.628946,9.746926,9.510967,9.538194,3703200.0,0.0,0
2019-08-02,AMCR,9.601722,9.728777,9.54727,9.56542,3722700.0,0.0,0
2019-08-05,AMCR,9.547268,9.628944,9.329458,9.3476095,5603100.0,0.0,0
2019-08-06,AMCR,9.34761,9.392987,9.175178,9.293158,4701500.0,0.0,0
2019-08-07,AMCR,9.220556,9.492817,9.193331,9.465591,5081000.0,0.0,0
2019-08-08,AMCR,9.44744,9.665249,9.44744,9.628947,5529700.0,0.0,0
2019-08-09,AMCR,9.628945,9.665247,9.420213,9.501891,3043200.0,0.0,0
2019-08-12,AMCR,9.383913,9.44744,9.275009,9.320386,2196800.0,0.0,0
2019-08-13,AMCR,9.256858,9.54727,9.211481,9.465591,3282500.0,0.0,0
2019-08-14,AMCR,9.356688,9.356688,9.0027485,9.029974,5040500.0,0.0,0
2019-08-15,AMCR,8.95737,8.984596,8.794014,8.803089,3684900.0,0.0,0
2019-08-16,AMCR,8.893844,9.029973,8.812165,9.002748,4034400.0,0.0,0
2019-08-19,AMCR,9.066276,9.32946,9.0571995,9.1751795,4407200.0,0.0,0
2019-08-20,AMCR,9.0935,9.193329,9.011822,9.048123,5153200.0,0.0,0
2019-08-21,AMCR,8.93922,9.020898,8.458226,8.757712,5604200.0,0.0,0
2019-08-22,AMCR,8.757713,8.812165,8.521754,8.657885,7288600.0,0.0,0
2019-08-23,AMCR,8.666961,8.821241,8.521755,8.567131,8155600.0,0.0,0
2019-08-26,AMCR,8.63066,8.821242,8.594358,8.821242,3921700.0,0.0,0
2019-08-27,AMCR,8.848467,8.993672,8.7667885,8.875692,8440000.0,0.0,0
2019-08-28,AMCR,8.83939,8.921068,8.712336,8.812164,4443800.0,0.0,0
2019-08-29,AMCR,8.821241,8.911994,8.757713,8.839392,3479400.0,0.0,0
2019-08-30,AMCR,8.902918,8.966446,8.839391,8.911993,3958000.0,0.0,0
2019-09-03,AMCR,8.930144,8.939219,8.757711,8.812164,3913900.0,0.0,0
2019-09-04,AMCR,8.848466,8.884767,8.748637,8.812164,3753900.0,0.0,0
2019-09-05,AMCR,8.92107,9.0027485,8.830316,8.866618,4043100.0,0.0,0
2019-09-06,AMCR,8.866617,8.966445,8.866617,8.95737,4116600.0,0.0,0
2019-09-09,AMCR,8.948295,8.948295,8.82124,8.902919,5987100.0,0.0,0
2019-09-10,AMCR,8.884543,9.288803,8.829416,9.242866,8869200.0,0.12,0
2019-09-11,AMCR,9.150987,9.325553,9.141799,9.316366,5624800.0,0.0,0
2019-09-12,AMCR,9.233679,9.297993,9.10505,9.279617,6843700.0,0.0,0
2019-09-13,AMCR,9.316368,9.5460615,9.288804,9.38987,7566300.0,0.0,0
2019-09-16,AMCR,9.206116,9.279617,8.847794,8.884544,5847800.0,0.0,0
2019-09-17,AMCR,8.912106,8.967233,8.85698,8.967233,4564600.0,0.0,0
2019-09-18,AMCR,9.0039835,9.0958605,8.921294,9.022359,3945700.0,0.0,0
2019-09-19,AMCR,9.013174,9.141802,8.948859,8.994798,4692500.0,0.0,0
2019-09-20,AMCR,8.948856,8.97642,8.838604,8.875355,14331200.0,0.0,0
2019-09-23,AMCR,8.783478,8.939669,8.77429,8.866167,4587000.0,0.0,0
2019-09-24,AMCR,8.9121065,8.93967,8.801853,8.82023,4312400.0,0.0,0
2019-09-25,AMCR,8.85698,8.930482,8.82023,8.866167,2868500.0,0.0,0
2019-09-26,AMCR,8.902918,8.921294,8.765102,8.829416,3567300.0,0.0,0
2019-09-27,AMCR,8.875355,8.958045,8.838604,8.939669,4731500.0,0.0,0
2019-09-30,AMCR,8.902919,9.068298,8.856981,8.958046,6016600.0,0.0,0
2019-10-01,AMCR,8.958047,9.0315485,8.737541,8.774292,4468200.0,0.0,0
2019-10-02,AMCR,8.7007885,8.73754,8.57216,8.65485,5920700.0,0.0,0
2019-10-03,AMCR,8.599725,8.78348,8.461908,8.774292,6150900.0,0.0,0
2019-10-04,AMCR,8.774289,8.783477,8.6732235,8.719162,6760100.0,0.0,0
2019-10-07,AMCR,8.673225,8.73754,8.6181,8.627288,6178200.0,0.0,0
2019-10-08,AMCR,8.517034,8.553784,8.434344,8.480282,4889600.0,0.0,0
2019-10-09,AMCR,8.52622,8.627286,8.461906,8.562971,4385500.0,0.0,0
2019-10-10,AMCR,8.562971,8.664037,8.535408,8.562971,3307100.0,0.0,0
2019-10-11,AMCR,8.65485,8.930482,8.65485,8.82023,5551800.0,0.0,0
2019-10-14,AMCR,8.719163,8.884542,8.719163,8.811041,4507200.0,0.0,0
2019-10-15,AMCR,8.820229,8.829416,8.719163,8.811041,5423800.0,0.0,0
2019-10-16,AMCR,8.78348,8.8202305,8.6089115,8.627288,6587200.0,0.0,0
2019-10-17,AMCR,8.6916,8.875355,8.6916,8.811041,4803700.0,0.0,0
2019-10-18,AMCR,8.755914,8.930482,8.755914,8.811041,5513100.0,0.0,0
2019-10-21,AMCR,8.884543,8.976421,8.838604,8.893731,4630900.0,0.0,0
2019-10-22,AMCR,8.856979,8.994796,8.856979,8.875355,6446200.0,0.0,0
2019-10-23,AMCR,8.930481,8.97642,8.847792,8.921293,5415300.0,0.0,0
2019-10-24,AMCR,8.884544,8.884544,8.590537,8.700789,4829500.0,0.0,0
2019-10-25,AMCR,8.746729,8.976422,8.746729,8.930484,6504500.0,0.0,0
2019-10-28,AMCR,8.893732,8.9121065,8.783479,8.801854,5769400.0,0.0,0
2019-10-29,AMCR,8.755915,8.811042,8.645662,8.709976,5301800.0,0.0,0
2019-10-30,AMCR,8.654849,8.829415,8.654849,8.783478,5684500.0,0.0,0
2019-10-31,AMCR,8.792665,8.875355,8.7007885,8.746727,31270200.0,0.0,0
2019-11-01,AMCR,8.820229,8.939669,8.792665,8.939669,5352100.0,0.0,0
2019-11-04,AMCR,8.939669,9.13261,8.921293,9.086673,5751900.0,0.0,0
2019-11-05,AMCR,9.05911,9.252052,9.022359,9.187738,7341600.0,0.0,0
2019-11-06,AMCR,9.086673,9.279615,9.031546,9.160174,8854500.0,0.0,0
2019-11-07,AMCR,9.123425,9.160175,8.976421,8.985608,8825700.0,0.0,0
2019-11-08,AMCR,9.169364,9.2428665,8.930484,8.976422,8297900.0,0.0,0
2019-11-11,AMCR,8.985608,9.114237,8.902919,9.013172,5416500.0,0.0,0
2019-11-12,AMCR,8.994796,9.040734,8.948856,9.031547,4571200.0,0.0,0
2019-11-13,AMCR,9.013174,9.086676,8.976422,9.059112,3396200.0,0.0,0
2019-11-14,AMCR,9.095861,9.178551,9.040735,9.1418,4101800.0,0.0,0
2019-11-15,AMCR,9.215301,9.233677,9.141799,9.206114,5328000.0,0.0,0
2019-11-18,AMCR,9.169362,9.252051,9.040734,9.206114,5575600.0,0.0,0
2019-11-19,AMCR,9.242865,9.371492,9.196925,9.316366,7708400.0,0.0,0
2019-11-20,AMCR,9.242865,9.252052,8.985608,9.031547,10039500.0,0.0,0
2019-11-21,AMCR,9.09586,9.17855,9.077484,9.09586,3791800.0,0.0,0
2019-11-22,AMCR,9.150988,9.316367,9.150988,9.242866,5735900.0,0.0,0
2019-11-25,AMCR,9.206115,9.399056,9.206115,9.288804,5223000.0,0.0,0
2019-11-26,AMCR,9.442146,9.470027,9.293451,9.432853,27541700.0,0.115,0
2019-11-27,AMCR,9.460732,9.581548,9.386385,9.572254,5473600.0,0.0,0
2019-11-29,AMCR,9.572254,9.637307,9.404971,9.53508,2857800.0,0.0,0
2019-12-02,AMCR,9.5443735,9.562961,9.432852,9.451439,10406400.0,0.0,0
2019-12-03,AMCR,9.358504,9.386385,9.200516,9.358504,4725200.0,0.0,0
2019-12-04,AMCR,9.377092,9.572255,9.377092,9.460733,6125400.0,0.0,0
2019-12-05,AMCR,9.525786,9.618721,9.497907,9.600134,4817000.0,0.0,0
2019-12-06,AMCR,9.637307,9.786002,9.628014,9.730242,7515900.0,0.0,0
2019-12-09,AMCR,9.637307,9.758122,9.609427,9.6930685,4860600.0,0.0,0
2019-12-10,AMCR,9.628015,9.665189,9.535081,9.618722,5174400.0,0.0,0
2019-12-11,AMCR,9.6930685,9.80459,9.646602,9.739535,4953700.0,0.0,0
2019-12-12,AMCR,9.758123,9.934698,9.711656,9.9254055,4938800.0,0.0,0
2019-12-13,AMCR,9.878939,9.916112,9.767417,9.813885,2694100.0,0.0,0
2019-12-16,AMCR,9.943993,10.064808,9.888232,9.999754,3616800.0,0.0,0
2019-12-17,AMCR,9.916111,10.055512,9.888231,10.04622,7555800.0,0.0,0
2019-12-18,AMCR,9.99046,10.055514,9.953286,10.0090475,7941300.0,0.0,0
2019-12-19,AMCR,10.036927,10.083395,9.934699,10.036927,5330300.0,0.0,0
2019-12-20,AMCR,10.362198,10.408666,10.0090475,10.0090475,17874600.0,0.0,0
2019-12-23,AMCR,10.046221,10.213502,10.036927,10.139154,3355800.0,0.0,0
2019-12-24,AMCR,10.092687,10.176328,9.981165,10.027633,1095500.0,0.0,0
2019-12-26,AMCR,10.055514,10.111275,10.0090475,10.083395,2714500.0,0.0,0
2019-12-27,AMCR,10.129861,10.250676,10.111275,10.176329,3580000.0,0.0,0
2019-12-30,AMCR,10.129862,10.1577425,10.055514,10.083395,2883600.0,0.0,0
2019-12-31,AMCR,10.083395,10.148449,9.925406,10.074101,3619400.0,0.0,0
2020-01-02,AMCR,10.111274,10.139154,9.869644,9.878938,10029700.0,0.0,0
2020-01-03,AMCR,9.72095,9.878939,9.581549,9.74883,9447300.0,0.0,0
2020-01-06,AMCR,9.739536,9.7767105,9.674482,9.683776,8621700.0,0.0,0
2020-01-07,AMCR,9.628014,9.748829,9.600134,9.600134,9093800.0,0.0,0
2020-01-08,AMCR,9.646602,9.795297,9.609428,9.637308,4951500.0,0.0,0
2020-01-09,AMCR,9.6930685,9.702362,9.637308,9.665188,3993000.0,0.0,0
2020-01-10,AMCR,9.646603,9.813885,9.609429,9.711657,3526900.0,0.0,0
2020-01-13,AMCR,9.730242,9.953284,9.730242,9.934697,4205600.0,0.0,0
2020-01-14,AMCR,9.88823,9.916111,9.813883,9.869643,5521600.0,0.0,0
2020-01-15,AMCR,10.055511,10.074099,9.88823,9.91611,3977200.0,0.0,0
2020-01-16,AMCR,9.953286,10.064807,9.916112,10.055513,3490300.0,0.0,0
2020-01-17,AMCR,10.055514,10.139155,10.027635,10.129862,6029000.0,0.0,0
2020-01-21,AMCR,9.99046,10.0090475,9.823177,9.943993,6903300.0,0.0,0
2020-01-22,AMCR,9.943993,9.999753,9.943993,9.971872,4057800.0,0.0,0
2020-01-23,AMCR,9.869645,9.999753,9.841764,9.971872,4760500.0,0.0,0
2020-01-24,AMCR,9.934699,9.934699,9.711656,9.74883,3739500.0,0.0,0
2020-01-27,AMCR,9.618723,10.1577425,9.618723,10.0090475,15210000.0,0.0,0
2020-01-28,AMCR,10.055513,10.250676,10.027634,10.120568,8222000.0,0.0,0
2020-01-29,AMCR,10.120569,10.194917,10.036927,10.083395,6260500.0,0.0,0
2020-01-30,AMCR,9.981165,10.0741,9.897524,10.064806,5651900.0,0.0,0
2020-01-31,AMCR,9.897525,9.9254055,9.693069,9.841764,49978600.0,0.0,0
2020-02-03,AMCR,9.841764,10.009047,9.674482,9.9254055,12881300.0,0.0,0
2020-02-04,AMCR,10.036927,10.167035,9.999754,10.101981,8144300.0,0.0,0
2020-02-05,AMCR,10.167033,10.315729,10.120566,10.241382,11780400.0,0.0,0
2020-02-06,AMCR,10.269264,10.269264,10.176329,10.23209,8581400.0,0.0,0
2020-02-07,AMCR,10.139154,10.176329,10.036927,10.055513,5041000.0,0.0,0
2020-02-10,AMCR,10.018339,10.167034,9.906817,10.04622,5903300.0,0.0,0
2020-02-11,AMCR,10.083394,10.25997,10.064807,10.194916,5560000.0,0.0,0
2020-02-12,AMCR,9.999752,10.064806,9.6094265,9.730242,8379300.0,0.0,0
2020-02-13,AMCR,9.600134,9.618721,9.423559,9.442145,5677800.0,0.0,0
2020-02-14,AMCR,9.377091,9.618722,9.358504,9.488613,5678700.0,0.0,0
2020-02-18,AMCR,9.516493,9.535081,9.414266,9.488613,4424300.0,0.0,0
2020-02-19,AMCR,9.5072,9.646603,9.45144,9.460733,6412400.0,0.0,0
2020-02-20,AMCR,9.488613,9.628015,9.47932,9.544374,5240300.0,0.0,0
2020-02-21,AMCR,9.488613,9.53508,9.349212,9.516493,4534400.0,0.0,0
2020-02-24,AMCR,9.395677,9.414265,9.200515,9.228395,7056300.0,0.0,0
2020-02-25,AMCR,9.256278,9.265572,8.958888,8.986768,11195700.0,0.0,0
2020-02-26,AMCR,9.051821,9.191223,9.014647,9.070408,13579000.0,0.0,0
2020-02-27,AMCR,9.033235,9.042528,8.69867,8.791605,15332900.0,0.0,0
2020-02-28,AMCR,8.615029,8.763724,8.484921,8.661496,16467200.0,0.0,0
2020-03-02,AMCR,8.996062,9.107583,8.717258,9.0982895,10196600.0,0.0,0
2020-03-03,AMCR,9.018355,9.244049,8.877296,9.018355,11562100.0,0.115,0
2020-03-04,AMCR,9.131203,9.206434,8.858489,9.187627,8590500.0,0.0,0
2020-03-05,AMCR,8.943124,9.10299,8.783257,8.8302765,8225100.0,0.0,0
2020-03-06,AMCR,8.755045,8.8302765,8.557563,8.764448,10808700.0,0.0,0
2020-03-09,AMCR,8.369484,8.642198,8.09677,8.350677,19570400.0,0.0,0
2020-03-10,AMCR,8.454121,8.501141,7.983925,8.435313,18775600.0,0.0,0
2020-03-11,AMCR,7.7394214,7.889885,7.466708,7.5137277,17659800.0,0.0,0
2020-03-12,AMCR,6.5075097,6.67678,6.159565,6.3006234,30060300.0,0.0,0
2020-03-13,AMCR,6.6203566,6.8648586,5.943275,6.4134707,31337700.0,0.0,0
2020-03-16,AMCR,5.745793,6.0467176,5.4542713,5.5953298,22065700.0,0.0,0
2020-03-17,AMCR,5.7834086,5.8586397,5.501291,5.8586397,16162700.0,0.0,0
2020-03-18,AMCR,5.5483108,6.1125455,5.473079,6.0091023,12179100.0,0.0,0
2020-03-19,AMCR,6.046717,7.081148,5.9996977,6.9871087,19169000.0,0.0,0
2020-03-20,AMCR,6.9306855,7.476113,6.67678,6.8648586,24911500.0,0.0,0
2020-03-23,AMCR,6.6955876,6.7708187,6.187776,6.225392,13431600.0,0.0,0
2020-03-24,AMCR,6.67678,7.118765,6.5639334,7.071745,13247400.0,0.0,0
2020-03-25,AMCR,6.9683013,7.438497,6.89307,7.250419,13716900.0,0.0,0
2020-03-26,AMCR,7.2504187,7.7206144,7.1845913,7.6453834,12820500.0,0.0,0
2020-03-27,AMCR,7.2222066,7.5607476,6.940089,7.335054,13334600.0,0.0,0
2020-03-30,AMCR,7.419689,7.8428655,7.4102855,7.786442,6232100.0,0.0,0
2020-03-31,AMCR,7.6641912,7.8240576,7.5607486,7.6359797,8217000.0,0.0,0
2020-04-01,AMCR,7.4855165,7.692403,7.335054,7.3914776,11719700.0,0.0,0
2020-04-02,AMCR,7.588959,7.899288,7.5513434,7.692403,10753800.0,0.0,0
2020-04-03,AMCR,7.5419407,7.739422,7.2974386,7.3726697,8311200.0,0.0,0
2020-04-06,AMCR,7.6829996,7.833462,7.579557,7.7300196,7592200.0,0.0,0
2020-04-07,AMCR,7.9651165,8.077964,7.635979,7.6453834,6739700.0,0.0,0
2020-04-08,AMCR,7.7300186,8.153194,7.5983634,8.002732,8152700.0,0.0,0
2020-04-09,AMCR,8.134386,8.708026,8.09677,8.613986,9347300.0,0.0,0
2020-04-13,AMCR,8.548158,8.632793,8.31306,8.369483,5300800.0,0.0,0
2020-04-14,AMCR,8.425907,8.566966,8.313061,8.501139,4835900.0,0.0,0
2020-04-15,AMCR,8.143791,8.247234,8.087368,8.134387,6360100.0,0.0,0
2020-04-16,AMCR,8.040348,8.087368,7.8146544,7.955713,5291100.0,0.0,0
2020-04-17,AMCR,8.087369,8.369486,8.087369,8.256639,5256400.0,0.0,0
2020-04-20,AMCR,8.219022,8.266041,8.049751,8.124983,4062500.0,0.0,0
2020-04-21,AMCR,7.8240576,7.9557123,7.6924033,7.7676344,4576500.0,0.0,0
2020-04-22,AMCR,7.871078,7.9180975,7.739423,7.861674,3539400.0,0.0,0
2020-04-23,AMCR,7.8992887,8.002732,7.7112103,7.7206144,4101900.0,0.0,0
2020-04-24,AMCR,7.880481,7.9651165,7.7958455,7.9180965,3881100.0,0.0,0
2020-04-27,AMCR,7.9745197,8.256638,7.946308,8.162599,4336300.0,0.0,0
2020-04-28,AMCR,8.350677,8.566966,8.341272,8.482331,9313200.0,0.0,0
2020-04-29,AMCR,8.642199,8.783258,8.604583,8.6892185,4705600.0,0.0,0
2020-04-30,AMCR,8.538756,8.604583,8.369485,8.435313,9612900.0,0.0,0
2020-05-01,AMCR,8.350677,8.350677,8.068559,8.162599,4097600.0,0.0,0
2020-05-04,AMCR,8.115579,8.209618,8.0591545,8.172002,6556800.0,0.0,0
2020-05-05,AMCR,8.134387,8.275446,8.059155,8.06856,4130300.0,0.0,0
2020-05-06,AMCR,7.9369044,8.1626,7.927501,7.97452,3882000.0,0.0,0
2020-05-07,AMCR,8.021539,8.209618,8.002731,8.09677,5306500.0,0.0,0
2020-05-08,AMCR,8.256639,8.463525,8.219023,8.435313,3815500.0,0.0,0
2020-05-11,AMCR,8.228425,8.3976965,8.049751,8.303657,5269700.0,0.0,0
2020-05-12,AMCR,8.463523,8.980739,8.463523,8.566966,9652200.0,0.0,0
2020-05-13,AMCR,8.698621,8.83968,8.435312,8.566966,7714700.0,0.0,0
2020-05-14,AMCR,8.501139,8.557563,8.19081,8.548159,5028800.0,0.0,0
2020-05-15,AMCR,8.519948,8.613987,8.444716,8.557564,3739500.0,0.0,0
2020-05-18,AMCR,8.896105,9.140607,8.886701,9.065375,4662700.0,0.0,0
2020-05-19,AMCR,8.971335,9.037163,8.820873,8.839681,4584200.0,0.0,0
2020-05-20,AMCR,8.830276,8.971334,8.773851,8.886699,5555600.0,0.0,0
2020-05-21,AMCR,8.849084,8.990144,8.8302765,8.914911,4191000.0,0.0,0
2020-05-22,AMCR,8.924315,9.02776,8.877296,9.02776,4463000.0,0.0,0
2020-05-26,AMCR,9.225242,9.432127,9.2158375,9.403915,5228000.0,0.0,0
2020-05-27,AMCR,9.456239,9.456239,9.246946,9.380133,5925200.0,0.115,0
2020-05-28,AMCR,9.541859,9.703586,9.389646,9.513319,4665900.0,0.0,0
2020-05-29,AMCR,9.446726,9.732124,9.342079,9.713099,27393600.0,0.0,0
2020-06-01,AMCR,9.656017,9.836771,9.541858,9.684558,6712200.0,0.0,0
2020-06-02,AMCR,9.789205,9.941418,9.770179,9.827258,8777600.0,0.0,0
2020-06-03,AMCR,9.931905,10.255358,9.893851,9.988985,7546500.0,0.0,0
2020-06-04,AMCR,9.941419,10.1126585,9.893851,10.017525,5044700.0,0.0,0
2020-06-05,AMCR,10.245845,10.483677,10.188764,10.350491,7674000.0,0.0,0
2020-06-08,AMCR,10.331464,10.360004,9.789206,9.988985,11382600.0,0.0,0
2020-06-09,AMCR,9.846286,9.893852,9.646506,9.703586,8920700.0,0.0,0
2020-06-10,AMCR,9.494292,9.532347,9.246946,9.342079,7877500.0,0.0,0
2020-06-11,AMCR,9.104246,9.189866,8.695174,8.74274,13253700.0,0.0,0
2020-06-12,AMCR,9.513319,9.713099,9.113759,9.332566,17342900.0,0.0,0
2020-06-15,AMCR,9.104246,9.846286,9.0757065,9.703586,17303900.0,0.0,0
2020-06-16,AMCR,9.893851,10.036551,9.617965,9.760665,10852900.0,0.0,0
2020-06-17,AMCR,9.827258,9.912878,9.722612,9.770179,8132900.0,0.0,0
2020-06-18,AMCR,9.713099,9.931905,9.713099,9.779692,7617600.0,0.0,0
2020-06-19,AMCR,9.779691,9.836771,9.541858,9.808231,43111700.0,0.0,0
2020-06-22,AMCR,9.770179,9.931905,9.646505,9.770179,9993700.0,0.0,0
2020-06-23,AMCR,9.827257,9.931904,9.722611,9.741637,9898700.0,0.0,0
2020-06-24,AMCR,9.62748,9.675046,9.437213,9.475266,11200000.0,0.0,0
2020-06-25,AMCR,9.551373,9.646506,9.437213,9.522833,11638600.0,0.0,0
2020-06-26,AMCR,9.522832,9.541858,9.151813,9.199379,86363100.0,0.0,0
2020-06-29,AMCR,9.304026,9.503806,9.208894,9.465753,10692700.0,0.0,0
2020-06-30,AMCR,9.437212,9.722612,9.399159,9.713099,9042700.0,0.0,0
2020-07-01,AMCR,9.694072,9.884338,9.579911,9.827258,8278300.0,0.0,0
2020-07-02,AMCR,9.9509325,10.103145,9.884339,10.084119,14253000.0,0.0,0
2020-07-06,AMCR,10.20779,10.255357,10.008011,10.226817,10833800.0,0.0,0
2020-07-07,AMCR,10.103145,10.198278,10.027039,10.103145,10153000.0,0.0,0
2020-07-08,AMCR,10.027037,10.055576,9.80823,9.941417,8905000.0,0.0,0
2020-07-09,AMCR,9.950932,9.960445,9.741638,9.865312,9151300.0,0.0,0
2020-07-10,AMCR,9.922392,10.036551,9.884338,9.998498,7626600.0,0.0,0
2020-07-13,AMCR,10.065092,10.1126585,9.8748255,9.903365,8381900.0,0.0,0
2020-07-14,AMCR,9.893851,10.122171,9.884338,10.093631,5668100.0,0.0,0
2020-07-15,AMCR,10.236332,10.283898,10.1126585,10.179252,5112600.0,0.0,0
2020-07-16,AMCR,10.169737,10.340977,10.150711,10.226817,4622100.0,0.0,0
2020-07-17,AMCR,10.312438,10.312438,10.160225,10.245845,4866500.0,0.0,0
2020-07-20,AMCR,10.236332,10.293411,10.179252,10.207791,4792000.0,0.0,0
2020-07-21,AMCR,10.283898,10.388545,10.264872,10.321952,4880600.0,0.0,0
2020-07-22,AMCR,10.321953,10.417085,10.283899,10.369518,7379300.0,0.0,0
2020-07-23,AMCR,10.35049,10.398057,10.12217,10.217303,5722800.0,0.0,0
2020-07-24,AMCR,10.245845,10.255357,10.084118,10.150711,5610200.0,0.0,0
2020-07-27,AMCR,10.255358,10.302925,10.1126585,10.293411,8583100.0,0.0,0
2020-07-28,AMCR,10.245844,10.37903,10.160224,10.188764,7292500.0,0.0,0
2020-07-29,AMCR,10.179251,10.226818,10.027039,10.103145,5264700.0,0.0,0
2020-07-30,AMCR,9.969957,10.008012,9.732124,9.855798,7415000.0,0.0,0
2020-07-31,AMCR,9.817745,9.836773,9.560886,9.798719,22997900.0,0.0,0
2020-08-03,AMCR,9.89385,10.06509,9.817744,9.931904,8996300.0,0.0,0
2020-08-04,AMCR,9.941419,10.226818,9.941419,10.179252,6866900.0,0.0,0
2020-08-05,AMCR,10.274384,10.340977,10.150711,10.169737,7139300.0,0.0,0
2020-08-06,AMCR,10.20779,10.312438,10.131684,10.2743845,6875100.0,0.0,0
2020-08-07,AMCR,10.188764,10.321951,10.169737,10.283897,5022900.0,0.0,0
2020-08-10,AMCR,10.379031,10.597838,10.302925,10.559785,5518800.0,0.0,0
2020-08-11,AMCR,10.654918,10.740538,10.493192,10.540758,6354900.0,0.0,0
2020-08-12,AMCR,10.645403,10.683456,10.57881,10.645403,3267700.0,0.0,0
2020-08-13,AMCR,10.550272,10.711998,10.531244,10.654918,7298600.0,0.0,0
2020-08-14,AMCR,10.635892,10.740538,10.578812,10.654918,3099500.0,0.0,0
2020-08-17,AMCR,10.731023,10.826157,10.692969,10.759563,3754700.0,0.0,0
2020-08-18,AMCR,10.845184,10.940318,10.455138,10.540758,7580600.0,0.0,0
2020-08-19,AMCR,10.797617,11.025936,10.6739435,10.740537,10889100.0,0.0,0
2020-08-20,AMCR,10.626378,10.750051,10.60735,10.731024,5687600.0,0.0,0
2020-08-21,AMCR,10.683457,10.711998,10.550272,10.569298,5455800.0,0.0,0
2020-08-24,AMCR,10.626376,10.63589,10.331463,10.340977,7440600.0,0.0,0
2020-08-25,AMCR,10.369516,10.37903,10.160224,10.340977,5746200.0,0.0,0
2020-08-26,AMCR,10.321951,10.4361105,10.264871,10.417084,5527500.0,0.0,0
2020-08-27,AMCR,10.52173,10.588324,10.483678,10.531243,4956200.0,0.0,0
2020-08-28,AMCR,10.540756,10.711997,10.49319,10.702483,3691700.0,0.0,0
2020-08-31,AMCR,10.645404,10.654918,10.493191,10.521731,7593400.0,0.0,0
2020-09-01,AMCR,10.445623,10.69297,10.417084,10.69297,7595300.0,0.0,0
2020-09-02,AMCR,10.649717,10.986126,10.592048,10.986126,12587100.0,0.115,0
2020-09-03,AMCR,10.83234,10.870787,10.534378,10.649718,8274700.0,0.0,0
2020-09-04,AMCR,10.716999,10.765058,10.447873,10.592049,8696600.0,0.0,0
2020-09-08,AMCR,10.467097,10.54399,10.31331,10.351757,9049200.0,0.0,0
2020-09-09,AMCR,10.457485,10.6689415,10.42865,10.582437,7027000.0,0.0,0
2020-09-10,AMCR,10.649718,10.909233,10.630495,10.678553,11677500.0,0.0,0
2020-09-11,AMCR,10.726611,10.736223,10.54399,10.630495,5901300.0,0.0,0
2020-09-14,AMCR,10.678553,10.83234,10.620883,10.716999,11268800.0,0.0,0
2020-09-15,AMCR,10.793893,10.909233,10.745835,10.77467,5624800.0,0.0,0
2020-09-16,AMCR,10.832338,10.89962,10.736221,10.755445,8645200.0,0.0,0
2020-09-17,AMCR,10.649718,10.909233,10.505544,10.880398,11903900.0,0.0,0
2020-09-18,AMCR,10.890009,10.938067,10.77467,10.813116,14908200.0,0.0,0
2020-09-21,AMCR,10.582437,10.707388,10.447873,10.582437,8858700.0,0.0,0
2020-09-22,AMCR,10.543989,10.707388,10.524766,10.611271,4370100.0,0.0,0
2020-09-23,AMCR,10.563213,10.563213,10.159523,10.169135,6475000.0,0.0,0
2020-09-24,AMCR,10.140301,10.31331,10.034572,10.169135,4678500.0,0.0,0
2020-09-25,AMCR,10.08263,10.438261,10.044184,10.399815,6898900.0,0.0,0
2020-09-28,AMCR,10.534379,10.553602,10.457486,10.4863205,6415400.0,0.0,0
2020-09-29,AMCR,10.399815,10.5536,10.361367,10.42865,5107300.0,0.0,0
2020-09-30,AMCR,10.543991,10.678554,10.495933,10.620884,7177900.0,0.0,0
2020-10-01,AMCR,10.784282,10.784282,10.515154,10.582437,7317500.0,0.0,0
2020-10-02,AMCR,10.467096,10.745835,10.438261,10.582437,7949300.0,0.0,0
2020-10-05,AMCR,10.707389,10.822728,10.640106,10.697777,8284400.0,0.0,0
2020-10-06,AMCR,10.688165,10.83234,10.563212,10.582437,8164500.0,0.0,0
2020-10-07,AMCR,10.668942,10.938068,10.649718,10.793893,7216800.0,0.0,0
2020-10-08,AMCR,10.77467,10.909233,10.745834,10.899621,5689300.0,0.0,0
2020-10-09,AMCR,11.043796,11.111077,10.918843,10.976514,3257700.0,0.0,0
2020-10-12,AMCR,11.024572,11.053408,10.918843,10.986126,6064100.0,0.0,0
2020-10-13,AMCR,10.966903,11.024573,10.841951,10.966903,3576300.0,0.0,0
2020-10-14,AMCR,11.005349,11.053408,10.918844,10.957291,3115000.0,0.0,0
2020-10-15,AMCR,10.813117,11.034184,10.803505,11.024573,3273600.0,0.0,0
2020-10-16,AMCR,11.072631,11.139912,11.024572,11.053407,4263000.0,0.0,0
2020-10-19,AMCR,11.072631,11.111077,10.832339,10.84195,3816400.0,0.0,0
2020-10-20,AMCR,10.841949,10.928454,10.745833,10.755445,5222900.0,0.0,0
2020-10-21,AMCR,10.755446,10.83234,10.640106,10.649718,4102500.0,0.0,0
2020-10-22,AMCR,10.563212,10.620883,10.447872,10.611271,3619600.0,0.0,0
2020-10-23,AMCR,10.630494,10.630494,10.467096,10.543989,3025400.0,0.0,0
2020-10-26,AMCR,10.399814,10.409426,10.130688,10.217193,4178700.0,0.0,0
2020-10-27,AMCR,10.226805,10.246027,10.073017,10.159522,5360600.0,0.0,0
2020-10-28,AMCR,9.938456,10.063407,9.861562,9.919231,6842600.0,0.0,0
2020-10-29,AMCR,9.957678,10.149912,9.919231,10.092241,5135400.0,0.0,0
2020-10-30,AMCR,10.073018,10.140301,9.90962,10.0249605,7502000.0,0.0,0
2020-11-02,AMCR,10.188358,10.467096,10.178746,10.42865,6030300.0,0.0,0
2020-11-03,AMCR,10.553601,10.755446,10.495933,10.707389,3322100.0,0.0,0
2020-11-04,AMCR,10.678554,10.7650585,10.505544,10.65933,5291100.0,0.0,0
2020-11-05,AMCR,10.765058,11.168748,10.707389,11.06302,5138900.0,0.0,0
2020-11-06,AMCR,11.264864,11.466709,10.9476795,11.072631,6756900.0,0.0,0
2020-11-09,AMCR,11.6877775,11.918457,11.466709,11.572437,9649300.0,0.0,0
2020-11-10,AMCR,11.351369,11.418651,11.207193,11.399426,9546200.0,0.0,0
2020-11-11,AMCR,11.466709,11.5916605,11.332146,11.466709,7208800.0,0.0,0
2020-11-12,AMCR,11.274474,11.389815,10.928455,11.101465,10966600.0,0.0,0
2020-11-13,AMCR,11.120688,11.380203,11.072631,11.332145,4377200.0,0.0,0
2020-11-16,AMCR,11.533992,11.755059,11.351371,11.678166,5714400.0,0.0,0
2020-11-17,AMCR,11.543602,11.582049,11.380204,11.466709,5869200.0,0.0,0
2020-11-18,AMCR,11.47632,11.533991,11.370592,11.380204,4273100.0,0.0,0
2020-11-19,AMCR,11.332147,11.485932,11.245642,11.457098,3830700.0,0.0,0
2020-11-20,AMCR,11.4955435,11.553214,11.418651,11.466709,3949400.0,0.0,0
2020-11-23,AMCR,11.45506,11.45506,11.183246,11.231783,6501500.0,0.118,0
2020-11-24,AMCR,11.192952,11.474475,11.154121,11.45506,10089300.0,0.0,0
2020-11-25,AMCR,11.280321,11.32886,11.192952,11.251199,6027500.0,0.0,0
2020-11-27,AMCR,11.163829,11.24149,11.057045,11.144413,2629100.0,0.0,0
2020-11-30,AMCR,11.047337,11.115291,10.911429,10.998798,6321100.0,0.0,0
2020-12-01,AMCR,11.134707,11.270615,11.095877,11.192953,4601200.0,0.0,0
2020-12-02,AMCR,11.144413,11.270614,11.105583,11.1347065,4745200.0,0.0,0
2020-12-03,AMCR,11.16383,11.251199,11.066752,11.105583,4071400.0,0.0,0
2020-12-04,AMCR,11.144413,11.290029,11.1347065,11.20266,4609100.0,0.0,0
2020-12-07,AMCR,11.144414,11.154122,10.930846,11.018215,5807800.0,0.0,0
2020-12-08,AMCR,10.969676,11.251198,10.969676,11.20266,5468400.0,0.0,0
2020-12-09,AMCR,11.192951,11.309443,11.173536,11.270613,7143700.0,0.0,0
2020-12-10,AMCR,11.2512,11.309445,11.144415,11.192953,6171300.0,0.0,0
2020-12-11,AMCR,11.057046,11.154121,10.979384,11.105583,6307100.0,0.0,0
2020-12-14,AMCR,11.231783,11.260907,10.940554,10.940554,4447000.0,0.0,0
2020-12-15,AMCR,11.115291,11.290029,11.086167,11.20266,4158700.0,0.0,0
2020-12-16,AMCR,11.173536,11.251198,11.057045,11.0667515,3246100.0,0.0,0
2020-12-17,AMCR,11.192953,11.222076,11.066752,11.222076,3891100.0,0.0,0
2020-12-18,AMCR,11.20266,11.357983,11.1347065,11.319152,14021500.0,0.0,0
2020-12-21,AMCR,11.07646,11.163829,10.833768,11.1347065,4696900.0,0.0,0
2020-12-22,AMCR,11.173537,11.280322,11.154122,11.16383,4999200.0,0.0,0
2020-12-23,AMCR,11.202661,11.319153,11.192953,11.222076,2033800.0,0.0,0
2020-12-24,AMCR,11.299737,11.319152,11.20266,11.299737,957900.0,0.0,0
2020-12-28,AMCR,11.367691,11.416229,11.241491,11.251199,1829000.0,0.0,0
2020-12-29,AMCR,11.357983,11.357983,11.192952,11.260906,2513100.0,0.0,0
2020-12-30,AMCR,11.338568,11.435644,11.319152,11.396813,2626000.0,0.0,0
2020-12-31,AMCR,11.464768,11.493891,11.299738,11.425938,2822500.0,0.0,0
2021-01-04,AMCR,11.357983,11.425938,11.018215,11.047338,7452100.0,0.0,0
2021-01-05,AMCR,11.018215,11.212368,11.018215,11.124999,7657400.0,0.0,0
2021-01-06,AMCR,11.144414,11.5327215,11.144414,11.435644,7457600.0,0.0,0
2021-01-07,AMCR,11.377399,11.425938,11.241491,11.338569,5787900.0,0.0,0
2021-01-08,AMCR,11.299738,11.367691,11.018215,11.16383,3717700.0,0.0,0
2021-01-11,AMCR,11.027921,11.251198,11.027921,11.20266,3775300.0,0.0,0
2021-01-12,AMCR,11.16383,11.348275,11.086168,11.29003,4135100.0,0.0,0
2021-01-13,AMCR,11.231782,11.241489,11.027921,11.095875,5774300.0,0.0,0
2021-01-14,AMCR,11.105583,11.173538,11.008508,11.057046,4375300.0,0.0,0
2021-01-15,AMCR,10.998798,10.998798,10.726984,10.726984,6619300.0,0.0,0
2021-01-19,AMCR,10.814353,10.833768,10.610492,10.629907,5481900.0,0.0,0
2021-01-20,AMCR,10.668738,10.95026,10.600784,10.901722,5634200.0,0.0,0
2021-01-21,AMCR,10.775522,10.98909,10.746398,10.921137,5448300.0,0.0,0
2021-01-22,AMCR,10.853184,10.901722,10.620199,10.765815,7302100.0,0.0,0
2021-01-25,AMCR,10.775522,10.901721,10.542538,10.6493225,9073200.0,0.0,0
2021-01-26,AMCR,10.707568,10.930845,10.639615,10.882307,5638000.0,0.0,0
2021-01-27,AMCR,10.707569,10.950261,10.65903,10.736692,8619700.0,0.0,0
2021-01-28,AMCR,10.853184,10.95026,10.765815,10.853184,8100600.0,0.0,0
2021-01-29,AMCR,10.78523,10.794938,10.561954,10.620199,14989300.0,0.0,0
2021-02-01,AMCR,10.697861,10.756106,10.3678,10.571661,7305300.0,0.0,0
2021-02-02,AMCR,10.6493225,10.756106,10.513414,10.610492,5353300.0,0.0,0
2021-02-03,AMCR,10.901722,10.969676,10.348384,10.688153,11101500.0,0.0,0
2021-02-04,AMCR,10.804646,10.921137,10.620199,10.853184,5617900.0,0.0,0
2021-02-05,AMCR,10.969676,11.192952,10.969676,11.1347065,6154600.0,0.0,0
2021-02-08,AMCR,11.115291,11.192952,10.989091,11.1347065,6384000.0,0.0,0
2021-02-09,AMCR,11.057045,11.212368,10.8920145,10.911429,5718400.0,0.0,0
2021-02-10,AMCR,11.037628,11.202659,10.98909,11.095875,11574000.0,0.0,0
2021-02-11,AMCR,11.105583,11.115291,10.862891,10.969676,5260800.0,0.0,0
2021-02-12,AMCR,10.8726,11.173537,10.8726,11.16383,4830600.0,0.0,0
2021-02-16,AMCR,11.163829,11.173536,10.911429,10.921137,5397400.0,0.0,0
2021-02-17,AMCR,10.921138,11.047338,10.814353,10.969676,5204200.0,0.0,0
2021-02-18,AMCR,10.979384,11.212368,10.921138,11.086168,7436300.0,0.0,0
2021-02-19,AMCR,11.086168,11.241491,10.989091,11.086168,5913300.0,0.0,0
2021-02-22,AMCR,11.047338,11.1347065,10.95026,11.086168,6575600.0,0.0,0
2021-02-23,AMCR,11.162679,11.241151,10.966498,11.152869,5759400.0,0.118,0
2021-02-24,AMCR,11.074398,11.231342,10.995926,11.192106,4478100.0,0.0,0
2021-02-25,AMCR,11.182297,11.270577,11.0449705,11.123443,4083200.0,0.0,0
2021-02-26,AMCR,11.064589,11.123443,10.711463,10.731081,7559300.0,0.0,0
2021-03-01,AMCR,10.878217,11.182296,10.858598,11.074397,4695300.0,0.0,0
2021-03-02,AMCR,11.03516,11.290195,10.976306,11.211723,6094900.0,0.0,0
2021-03-03,AMCR,11.201915,11.319623,11.094016,11.25096,5313200.0,0.0,0
2021-03-04,AMCR,11.280387,11.368669,10.927262,11.05478,7405300.0,0.0,0
2021-03-05,AMCR,11.094015,11.407905,10.995925,11.388286,5394800.0,0.0,0
2021-03-08,AMCR,11.43733,11.75122,11.368668,11.535421,6761200.0,0.0,0
2021-03-09,AMCR,11.535422,11.604085,11.427522,11.525613,8763700.0,0.0,0
2021-03-10,AMCR,11.525612,11.790457,11.417713,11.702175,5984600.0,0.0,0
2021-03-11,AMCR,11.662939,11.682557,11.456949,11.505994,6006800.0,0.0,0
2021-03-12,AMCR,11.584468,11.613894,11.476568,11.545232,4124800.0,0.0,0
2021-03-15,AMCR,11.427522,11.545231,11.368668,11.535421,7159000.0,0.0,0
2021-03-16,AMCR,11.525613,11.545231,11.260768,11.280387,7171200.0,0.0,0
2021-03-17,AMCR,11.3098135,11.456949,11.211723,11.417713,5512700.0,0.0,0
2021-03-18,AMCR,11.378477,11.388286,11.123442,11.14306,7438900.0,0.0,0
2021-03-19,AMCR,11.064588,11.290196,10.1327305,11.084207,36593500.0,0.0,0
2021-03-22,AMCR,11.035162,11.270578,10.917454,11.192106,7657600.0,0.0,0
2021-03-23,AMCR,11.14306,11.358859,11.064588,11.152869,7927200.0,0.0,0
2021-03-24,AMCR,11.14306,11.250959,11.084206,11.094015,6059700.0,0.0,0
2021-03-25,AMCR,11.133252,11.427522,11.025352,11.358859,5450700.0,0.0,0
2021-03-26,AMCR,11.388286,11.564849,11.319623,11.555039,5173000.0,0.0,0
2021-03-29,AMCR,11.45695,11.653131,11.427523,11.574658,6208100.0,0.0,0
2021-03-30,AMCR,11.505994,11.564849,11.427522,11.515803,4775100.0,0.0,0
2021-03-31,AMCR,11.525613,11.545232,11.260769,11.45695,7359100.0,0.0,0
2021-04-01,AMCR,11.45695,11.45695,11.14306,11.437331,6316100.0,0.0,0
2021-04-05,AMCR,11.515804,11.682558,11.447141,11.66294,4262800.0,0.0,0
2021-04-06,AMCR,11.584467,11.75122,11.555039,11.75122,4286200.0,0.0,0
2021-04-07,AMCR,11.682557,11.682557,11.368669,11.407905,5832000.0,0.0,0
2021-04-08,AMCR,11.329432,11.447141,11.3098135,11.34905,3641200.0,0.0,0
2021-04-09,AMCR,11.466758,11.525613,11.358859,11.505994,3323900.0,0.0,0
2021-04-12,AMCR,11.535422,11.604085,11.447141,11.496186,3723200.0,0.0,0
2021-04-13,AMCR,11.447141,11.604085,11.388286,11.555039,6517600.0,0.0,0
2021-04-14,AMCR,11.535422,11.594275,11.437331,11.515803,3517800.0,0.0,0
2021-04-15,AMCR,11.613894,11.711985,11.505995,11.66294,3220100.0,0.0,0
2021-04-16,AMCR,11.761029,11.839501,11.653131,11.721793,6645900.0,0.0,0
2021-04-19,AMCR,11.741411,11.75122,11.535421,11.633512,3717500.0,0.0,0
2021-04-20,AMCR,11.653131,11.692367,11.564849,11.633512,4084700.0,0.0,0
2021-04-21,AMCR,11.623703,11.780647,11.604085,11.711984,4227700.0,0.0,0
2021-04-22,AMCR,11.653131,11.692367,11.417714,11.427523,5575100.0,0.0,0
2021-04-23,AMCR,11.44714,11.564849,11.417713,11.505994,5480300.0,0.0,0
2021-04-26,AMCR,11.564849,11.623703,11.486377,11.515803,3989300.0,0.0,0
2021-04-27,AMCR,11.456949,11.476566,11.368668,11.44714,4486000.0,0.0,0
2021-04-28,AMCR,11.496185,11.623703,11.456949,11.466758,3797400.0,0.0,0
2021-04-29,AMCR,11.584468,11.682558,11.505995,11.66294,4871900.0,0.0,0
2021-04-30,AMCR,11.653131,11.653131,11.437331,11.525613,13108700.0,0.0,0
2021-05-03,AMCR,11.525612,11.682556,11.496185,11.564848,7715100.0,0.0,0
2021-05-04,AMCR,11.633512,12.26129,11.633512,12.192627,11810800.0,0.0,0
2021-05-05,AMCR,11.868929,12.074919,11.810075,12.045491,8401500.0,0.0,0
2021-05-06,AMCR,12.094537,12.2711,12.035683,12.251481,6166300.0,0.0,0
2021-05-07,AMCR,12.251481,12.280909,12.074919,12.212245,5196000.0,0.0,0
2021-05-10,AMCR,12.329953,12.516325,12.212245,12.212245,6742900.0,0.0,0
2021-05-11,AMCR,12.212245,12.300527,12.074919,12.163199,4750300.0,0.0,0
2021-05-12,AMCR,12.133774,12.212246,11.898356,11.917974,5478100.0,0.0,0
2021-05-13,AMCR,11.888546,12.222054,11.839501,12.143581,7088100.0,0.0,0
2021-05-14,AMCR,12.143582,12.231864,12.104346,12.133773,4264300.0,0.0,0
2021-05-17,AMCR,12.143581,12.173008,12.006254,12.0553,5526200.0,0.0,0
2021-05-18,AMCR,12.006255,12.104345,11.937592,11.95721,4336200.0,0.0,0
2021-05-19,AMCR,11.898356,11.917974,11.702176,11.780648,4885800.0,0.0,0
2021-05-20,AMCR,11.721793,11.85912,11.721793,11.761029,5033400.0,0.0,0
2021-05-21,AMCR,11.761029,11.888547,11.711984,11.75122,4193200.0,0.0,0
2021-05-24,AMCR,11.829693,11.878737,11.672748,11.711984,3735800.0,0.0,0
2021-05-25,AMCR,11.660469,11.739724,11.581213,11.610934,6755100.0,0.118,0
2021-05-26,AMCR,11.551492,11.690189,11.551492,11.670375,7303000.0,0.0,0
2021-05-27,AMCR,11.690189,11.779351,11.660468,11.769444,15849800.0,0.0,0
2021-05-28,AMCR,11.729817,11.759538,11.610934,11.690189,8493000.0,0.0,0
2021-06-01,AMCR,11.789258,11.838794,11.62084,11.779352,5356400.0,0.0,0
2021-06-02,AMCR,11.828885,11.858607,11.700096,11.74963,4880400.0,0.0,0
2021-06-03,AMCR,11.710003,11.828886,11.660469,11.828886,7285700.0,0.0,0
2021-06-04,AMCR,11.868514,12.165722,11.858607,12.036932,9596900.0,0.0,0
2021-06-07,AMCR,12.036931,12.056746,11.898234,11.987397,9468400.0,0.0,0
2021-06-08,AMCR,11.97749,12.07656,11.908142,11.967584,5111800.0,0.0,0
2021-06-09,AMCR,11.967583,12.056746,11.868513,11.957676,7003700.0,0.0,0
2021-06-10,AMCR,11.997304,12.066653,11.888328,11.957676,4352700.0,0.0,0
2021-06-11,AMCR,12.0171175,12.136001,11.957676,12.126094,4513400.0,0.0,0
2021-06-14,AMCR,12.136002,12.17563,11.997304,12.036932,4151400.0,0.0,0
2021-06-15,AMCR,11.97749,12.007212,11.828886,11.898235,6809600.0,0.0,0
2021-06-16,AMCR,11.937863,11.957676,11.700097,11.710003,4229900.0,0.0,0
2021-06-17,AMCR,11.690189,11.739724,11.343446,11.432609,4698500.0,0.0,0
2021-06-18,AMCR,11.392981,11.422701,11.175028,11.254283,12988800.0,0.0,0
2021-06-21,AMCR,11.36326,11.482143,11.333539,11.36326,5341000.0,0.0,0
2021-06-22,AMCR,11.392981,11.511864,11.323632,11.432609,3686400.0,0.0,0
2021-06-23,AMCR,11.501957,11.531678,11.373167,11.383074,5920800.0,0.0,0
2021-06-24,AMCR,11.422701,11.452423,11.293911,11.412795,3269700.0,0.0,0
2021-06-25,AMCR,11.492051,11.581212,11.422702,11.501957,11200100.0,0.0,0
2021-06-28,AMCR,11.541584,11.571305,11.373166,11.442515,4043700.0,0.0,0
2021-06-29,AMCR,11.422702,11.492051,11.333539,11.3533535,4248000.0,0.0,0
2021-06-30,AMCR,11.303819,11.412796,11.224564,11.3533535,6373500.0,0.0,0
2021-07-01,AMCR,11.472237,11.531678,11.402888,11.452423,5376600.0,0.0,0
2021-07-02,AMCR,11.422702,11.442515,11.303819,11.432609,3846600.0,0.0,0
2021-07-06,AMCR,11.392982,11.432609,11.155214,11.333539,4881500.0,0.0,0
2021-07-07,AMCR,11.293911,11.511864,11.284004,11.442515,5723300.0,0.0,0
2021-07-08,AMCR,11.343447,11.402888,11.254284,11.284005,4572800.0,0.0,0
2021-07-09,AMCR,11.402888,11.422702,11.303819,11.402888,3992900.0,0.0,0
2021-07-12,AMCR,11.293911,11.442516,11.23447,11.402888,3874800.0,0.0,0
2021-07-13,AMCR,11.442516,11.551492,11.422702,11.452423,7180200.0,0.0,0
2021-07-14,AMCR,11.492051,11.541585,11.36326,11.432609,4644000.0,0.0,0
2021-07-15,AMCR,11.452423,11.5613985,11.392981,11.462329,4098800.0,0.0,0
2021-07-16,AMCR,11.482143,11.482143,11.303819,11.333539,3843600.0,0.0,0
2021-07-19,AMCR,11.23447,11.284005,11.046238,11.145308,6361000.0,0.0,0
2021-07-20,AMCR,11.175028,11.353353,11.1056795,11.155214,10967400.0,0.0,0
2021-07-21,AMCR,11.244377,11.26419,11.145307,11.254283,11186100.0,0.0,0
2021-07-22,AMCR,11.313725,11.3533535,11.155214,11.264191,10073400.0,0.0,0
2021-07-23,AMCR,11.323632,11.323632,11.066052,11.194842,7155900.0,0.0,0
2021-07-26,AMCR,11.254284,11.392981,11.23447,11.383074,6278100.0,0.0,0
2021-07-27,AMCR,11.383074,11.472237,11.194842,11.422702,4571700.0,0.0,0
2021-07-28,AMCR,11.482143,11.541585,11.392982,11.472237,5408900.0,0.0,0
2021-07-29,AMCR,11.571306,11.571306,11.472236,11.531678,3988600.0,0.0,0
2021-07-30,AMCR,11.521771,11.581212,11.422702,11.452423,10372700.0,0.0,0
2021-08-02,AMCR,11.49205,11.62084,11.402888,11.412795,4303800.0,0.0,0
2021-08-03,AMCR,11.452422,11.581212,11.333538,11.5613985,4341800.0,0.0,0
2021-08-04,AMCR,11.501956,11.581212,11.422701,11.49205,3292100.0,0.0,0
2021-08-05,AMCR,11.571306,11.660469,11.561399,11.571306,4898300.0,0.0,0
2021-08-06,AMCR,11.62084,11.710003,11.581212,11.62084,3187700.0,0.0,0
2021-08-09,AMCR,11.59112,11.71991,11.561399,11.710003,4945300.0,0.0,0
2021-08-10,AMCR,11.660468,11.908142,11.660468,11.838793,4293800.0,0.0,0
2021-08-11,AMCR,11.888328,12.066653,11.838793,12.066653,4144100.0,0.0,0
2021-08-12,AMCR,11.987397,12.0171175,11.858607,11.937862,3619400.0,0.0,0
2021-08-13,AMCR,11.937863,12.046839,11.898235,12.036932,2314200.0,0.0,0
2021-08-16,AMCR,12.036931,12.155815,11.927955,12.10628,5731800.0,0.0,0
2021-08-17,AMCR,12.066652,12.076559,11.908142,11.987397,5159300.0,0.0,0
2021-08-18,AMCR,11.799165,12.185536,11.799165,12.027025,8812700.0,0.0,0
2021-08-19,AMCR,12.027025,12.324233,11.937862,12.284605,6516300.0,0.0,0
2021-08-20,AMCR,12.33414,12.740324,12.136001,12.670976,11016600.0,0.0,0
2021-08-23,AMCR,12.651163,12.670977,12.383675,12.562,10778700.0,0.0,0
2021-08-24,AMCR,12.482744,12.512465,12.33414,12.502558,8023700.0,0.0,0
2021-08-25,AMCR,12.532279,12.799767,12.453023,12.680883,10676600.0,0.0,0
2021-08-26,AMCR,12.670977,12.730418,12.492651,12.532279,8815400.0,0.0,0
2021-08-27,AMCR,12.581814,12.69079,12.571906,12.661069,3957600.0,0.0,0
2021-08-30,AMCR,12.69079,12.710604,12.611533,12.670976,5282200.0,0.0,0
2021-08-31,AMCR,12.69079,12.750232,12.621441,12.730418,7398700.0,0.0,0
2021-09-01,AMCR,12.680883,12.730418,12.522372,12.571906,6419700.0,0.0,0
2021-09-02,AMCR,12.601628,12.641255,12.482745,12.631349,4675300.0,0.0,0
2021-09-03,AMCR,12.651163,12.680883,12.542186,12.562,4625100.0,0.0,0
2021-09-07,AMCR,12.3,12.43,12.21,12.22,5521100.0,0.118,0
2021-09-08,AMCR,12.25,12.4,12.23,12.3,2992147.0,0.0,0
2021-09-09,AMCR,12.34000015258789,12.380000114440918,12.119999885559082,12.130000114440918,7558600.0,0.0,0
2021-09-10,AMCR,12.220000267028809,12.4350004196167,12.220000267028809,12.300000190734863,6928859.0,0.0,0
2021-09-13,AMCR,12.399999618530272,12.40999984741211,12.239999771118164,12.300000190734863,4902400.0,0.0,0
2021-09-14,AMCR,12.34000015258789,12.380000114440918,12.260000228881836,12.31999969482422,5150200.0,0.0,0
2021-09-15,AMCR,12.350000381469728,12.43000030517578,12.289999961853027,12.399999618530272,6096200.0,0.0,0
2021-09-16,AMCR,12.34000015258789,12.380000114440918,12.130000114440918,12.130000114440918,5012300.0,0.0,0
2021-09-17,AMCR,12.15999984741211,12.220000267028809,11.829999923706056,11.850000381469728,8786399.0,0.0,0
2021-09-20,AMCR,11.75,11.869999885559082,11.649999618530272,11.779999732971191,7146000.0,0.0,0
2021-09-21,AMCR,11.829999923706056,11.859999656677246,11.68000030517578,11.6899995803833,4961900.0,0.0,0
2021-09-22,AMCR,11.800000190734863,11.84000015258789,11.720000267028809,11.739999771118164,3732600.0,0.0,0
2021-09-23,AMCR,11.739999771118164,11.920000076293944,11.739999771118164,11.81999969482422,3455800.0,0.0,0
2021-09-24,AMCR,11.770000457763672,11.890000343322754,11.739999771118164,11.789999961853027,3990700.0,0.0,0
2021-09-27,AMCR,11.760000228881836,11.9399995803833,11.720000267028809,11.869999885559082,4333300.0,0.0,0
2021-09-28,AMCR,11.890000343322754,11.90999984741211,11.649999618530272,11.699999809265137,5528800.0,0.0,0
2021-09-29,AMCR,11.720000267028809,11.8100004196167,11.710000038146973,11.729999542236328,2644200.0,0.0,0
2021-09-30,AMCR,11.789999961853027,11.8100004196167,11.56999969482422,11.59000015258789,5867500.0,0.0,0
2021-10-01,AMCR,11.710000038146973,11.789999961853027,11.489999771118164,11.6899995803833,5347100.0,0.0,0
2021-10-04,AMCR,11.640000343322754,11.770000457763672,11.56999969482422,11.630000114440918,5208700.0,0.0,0
2021-10-05,AMCR,11.6899995803833,11.850000381469728,11.600000381469728,11.800000190734863,4304200.0,0.0,0
2021-10-06,AMCR,11.670000076293944,11.760000228881836,11.539999961853027,11.75,6290300.0,0.0,0
2021-10-07,AMCR,11.8100004196167,11.949999809265137,11.779999732971191,11.84000015258789,3293100.0,0.0,0
2021-10-08,AMCR,11.779999732971191,11.84000015258789,11.6899995803833,11.710000038146973,4120700.0,0.0,0
2021-10-11,AMCR,11.720000267028809,11.81999969482422,11.609999656677246,11.619999885559082,2539000.0,0.0,0
2021-10-12,AMCR,11.609999656677246,11.699999809265137,11.56999969482422,11.640000343322754,3480200.0,0.0,0
2021-10-13,AMCR,11.6899995803833,11.699999809265137,11.510000228881836,11.670000076293944,3594400.0,0.0,0
2021-10-14,AMCR,11.739999771118164,11.949999809265137,11.699999809265137,11.90999984741211,3800200.0,0.0,0
2021-10-15,AMCR,11.970000267028809,12.100000381469728,11.869999885559082,11.949999809265137,5247900.0,0.0,0
2021-10-18,AMCR,11.859999656677246,11.960000038146973,11.8100004196167,11.90999984741211,3104600.0,0.0,0
2021-10-19,AMCR,11.949999809265137,12.029999732971191,11.869999885559082,12.020000457763672,3292400.0,0.0,0
2021-10-20,AMCR,11.979999542236328,12.109999656677246,11.979999542236328,12.039999961853027,6252900.0,0.0,0
2021-10-21,AMCR,12.050000190734863,12.079999923706056,11.920000076293944,12.029999732971191,4371100.0,0.0,0
2021-10-22,AMCR,12.06999969482422,12.229999542236328,12.050000190734863,12.15999984741211,2672800.0,0.0,0
2021-10-25,AMCR,12.170000076293944,12.220000267028809,12.0600004196167,12.079999923706056,4412600.0,0.0,0
2021-10-26,AMCR,12.06999969482422,12.119999885559082,11.970000267028809,12.010000228881836,6732900.0,0.0,0
2021-10-27,AMCR,12.09000015258789,12.130000114440918,11.949999809265137,12.029999732971191,6697700.0,0.0,0
2021-10-28,AMCR,12.039999961853027,12.170000076293944,12.010000228881836,12.149999618530272,5199000.0,0.0,0
2021-10-29,AMCR,12.149999618530272,12.1899995803833,12.020000457763672,12.06999969482422,10782600.0,0.0,0
2021-11-01,AMCR,12.130000114440918,12.220000267028809,11.920000076293944,11.9399995803833,7545800.0,0.0,0
2021-11-02,AMCR,12.0,12.149999618530272,11.920000076293944,12.079999923706056,8774400.0,0.0,0
2021-11-03,AMCR,12.229999542236328,12.489999771118164,12.109999656677246,12.300000190734863,9637200.0,0.0,0
2021-11-04,AMCR,12.300000190734863,12.380000114440918,12.130000114440918,12.15999984741211,4626400.0,0.0,0
2021-11-05,AMCR,12.229999542236328,12.260000228881836,12.050000190734863,12.140000343322754,5877900.0,0.0,0
2021-11-08,AMCR,12.09000015258789,12.210000038146973,12.010000228881836,12.199999809265137,4669100.0,0.0,0
2021-11-09,AMCR,12.18000030517578,12.359999656677246,12.15999984741211,12.3100004196167,4322600.0,0.0,0
2021-11-10,AMCR,12.380000114440918,12.460000038146973,12.270000457763672,12.34000015258789,5591700.0,0.0,0
2021-11-11,AMCR,12.34000015258789,12.369999885559082,12.260000228881836,12.359999656677246,2828700.0,0.0,0
2021-11-12,AMCR,12.359999656677246,12.449999809265137,12.329999923706056,12.380000114440918,4238200.0,0.0,0
2021-11-15,AMCR,12.380000114440918,12.449999809265137,12.329999923706056,12.390000343322754,2869100.0,0.0,0
2021-11-16,AMCR,12.369999885559082,12.489999771118164,12.279999732971191,12.3100004196167,6968300.0,0.0,0
2021-11-17,AMCR,12.25,12.300000190734863,11.979999542236328,12.149999618530272,7583300.0,0.0,0
2021-11-18,AMCR,12.140000343322754,12.210000038146973,11.93000030517578,12.020000457763672,5062000.0,0.0,0
2021-11-19,AMCR,12.039999961853027,12.130000114440918,11.890000343322754,11.899999618530272,4468900.0,0.0,0
2021-11-22,AMCR,11.810301419993944,11.90929751000899,11.800401527760734,11.84000015258789,5703600.0,0.0,0
2021-11-23,AMCR,11.850000381469728,11.9399995803833,11.720000267028809,11.770000457763672,6208900.0,0.12,0
2021-11-24,AMCR,11.699999809265137,11.729999542236328,11.640000343322754,11.65999984741211,4158300.0,0.0,0
2021-11-26,AMCR,11.380000114440918,11.630000114440918,11.380000114440918,11.539999961853027,5979100.0,0.0,0
2021-11-29,AMCR,11.6899995803833,11.710000038146973,11.56999969482422,11.579999923706056,7863400.0,0.0,0
2021-11-30,AMCR,11.529999732971191,11.5600004196167,11.300000190734863,11.31999969482422,11076600.0,0.0,0
2021-12-01,AMCR,11.529999732971191,11.68000030517578,11.25,11.260000228881836,10479000.0,0.0,0
2021-12-02,AMCR,11.3100004196167,11.579999923706056,11.3100004196167,11.479999542236328,7256300.0,0.0,0
2021-12-03,AMCR,11.390000343322754,11.56999969482422,11.25,11.3100004196167,9020200.0,0.0,0
2021-12-06,AMCR,11.479999542236328,11.649999618530272,11.44499969482422,11.56999969482422,6845344.0,0.0,0
2021-12-07,AMCR,11.640000343322754,11.699999809265137,11.56999969482422,11.59000015258789,6184632.0,0.0,0
2021-12-08,AMCR,11.609999656677246,11.6899995803833,11.520000457763672,11.619999885559082,8135574.0,0.0,0
2021-12-09,AMCR,11.56999969482422,11.630000114440918,11.475000381469728,11.5600004196167,5290035.0,0.0,0
2021-12-10,AMCR,11.630000114440918,11.670000076293944,11.529999732971191,11.600000381469728,3718244.0,0.0,0
2021-12-13,AMCR,11.5600004196167,11.710000038146973,11.550000190734863,11.670000076293944,7286900.0,0.0,0
2021-12-14,AMCR,11.710000038146973,11.859999656677246,11.649999618530272,11.670000076293944,6739200.0,0.0,0
2021-12-15,AMCR,11.989999771118164,12.020000457763672,11.739999771118164,11.949999809265137,5963400.0,0.0,0
2021-12-16,AMCR,12.010000228881836,12.119999885559082,11.989999771118164,12.039999961853027,6090000.0,0.0,0
2021-12-17,AMCR,12.06999969482422,12.09000015258789,11.770000457763672,11.789999961853027,12987500.0,0.0,0
2021-12-20,AMCR,11.630000114440918,11.699999809265137,11.43000030517578,11.600000381469728,6232400.0,0.0,0
2021-12-21,AMCR,11.710000038146973,11.81999969482422,11.649999618530272,11.739999771118164,5832000.0,0.0,0
2021-12-22,AMCR,11.670000076293944,11.779999732971191,11.59000015258789,11.609999656677246,5033100.0,0.0,0
2021-12-23,AMCR,11.619999885559082,11.739999771118164,11.619999885559082,11.65999984741211,7257200.0,0.0,0
2021-12-27,AMCR,11.729999542236328,11.81999969482422,11.65999984741211,11.8100004196167,4951800.0,0.0,0
2021-12-28,AMCR,11.850000381469728,11.890000343322754,11.81999969482422,11.859999656677246,3256500.0,0.0,0
2021-12-29,AMCR,11.869999885559082,12.0,11.869999885559082,11.949999809265137,3461500.0,0.0,0
2021-12-30,AMCR,12.0,12.0600004196167,11.920000076293944,11.960000038146973,2423700.0,0.0,0
2021-12-31,AMCR,11.920000076293944,12.050000190734863,11.920000076293944,12.010000228881836,2859900.0,0.0,0
2022-01-03,AMCR,12.020000457763672,12.039999961853027,11.800000190734863,11.880000114440918,3966400.0,0.0,0
2022-01-04,AMCR,11.9399995803833,12.220000267028809,11.90999984741211,12.06999969482422,6215500.0,0.0,0
2022-01-05,AMCR,12.15999984741211,12.329999923706056,12.09000015258789,12.09000015258789,6762900.0,0.0,0
2022-01-06,AMCR,12.1899995803833,12.210000038146973,11.970000267028809,11.989999771118164,5260300.0,0.0,0
2022-01-07,AMCR,11.989999771118164,12.1899995803833,11.93000030517578,12.119999885559082,4692300.0,0.0,0
2022-01-10,AMCR,12.18000030517578,12.199999809265137,12.020000457763672,12.149999618530272,5232700.0,0.0,0
2022-01-11,AMCR,12.109999656677246,12.15999984741211,12.079999923706056,12.109999656677246,4875700.0,0.0,0
2022-01-12,AMCR,12.149999618530272,12.170000076293944,12.0600004196167,12.140000343322754,5942900.0,0.0,0
2022-01-13,AMCR,12.170000076293944,12.279999732971191,12.170000076293944,12.279999732971191,5973300.0,0.0,0
2022-01-14,AMCR,12.210000038146973,12.390000343322754,12.140000343322754,12.369999885559082,8357800.0,0.0,0
2022-01-18,AMCR,12.350000381469728,12.380000114440918,12.15999984741211,12.279999732971191,6155000.0,0.0,0
2022-01-19,AMCR,12.359999656677246,12.5,12.260000228881836,12.40999984741211,5637000.0,0.0,0
2022-01-20,AMCR,12.449999809265137,12.470000267028809,12.109999656677246,12.130000114440918,5708100.0,0.0,0
2022-01-21,AMCR,12.130000114440918,12.15999984741211,11.899999618530272,11.949999809265137,7002100.0,0.0,0
2022-01-24,AMCR,11.800000190734863,11.970000267028809,11.670000076293944,11.920000076293944,10267200.0,0.0,0
2022-01-25,AMCR,11.779999732971191,11.890000343322754,11.510000228881836,11.789999961853027,8321300.0,0.0,0
2022-01-26,AMCR,11.880000114440918,12.0,11.65999984741211,11.760000228881836,6507200.0,0.0,0
2022-01-27,AMCR,11.880000114440918,12.09000015258789,11.649999618530272,11.800000190734863,10134200.0,0.0,0
2022-01-28,AMCR,11.710000038146973,11.949999809265137,11.600000381469728,11.9399995803833,9031600.0,0.0,0
2022-01-31,AMCR,11.739999771118164,12.0600004196167,11.739999771118164,12.010000228881836,16775100.0,0.0,0
2022-02-01,AMCR,12.020000457763672,12.239999771118164,12.010000228881836,12.199999809265137,8633100.0,0.0,0
2022-02-02,AMCR,11.93000030517578,12.25,11.890000343322754,12.130000114440918,11321500.0,0.0,0
2022-02-03,AMCR,12.020000457763672,12.06999969482422,11.720000267028809,11.760000228881836,9829600.0,0.0,0
2022-02-04,AMCR,11.649999618530272,11.720000267028809,11.449999809265137,11.5600004196167,10123600.0,0.0,0
2022-02-07,AMCR,11.502626500055632,11.52242493359706,11.354142024659998,11.373939514160156,8625700.0,0.0,0
2022-02-08,AMCR,11.373939434077974,11.58181826459298,11.354141944717206,11.502626419067385,7373100.0,0.0,0
2022-02-09,AMCR,11.601616378027662,11.690707437797183,11.581817945171665,11.661009788513184,6808200.0,0.0,0
2022-02-10,AMCR,11.552121558531196,11.720404466283403,11.413535356840772,11.502626419067385,5797900.0,0.0,0
2022-02-11,AMCR,11.51252492115948,11.631312682074446,11.413534648376409,11.472929000854492,8685200.0,0.0,0
2022-02-14,AMCR,11.502625859100206,11.532322563716304,11.334342959540294,11.453130722045898,7220700.0,0.0,0
2022-02-15,AMCR,11.601616148717472,11.76989904850234,11.601616148717472,11.690707206726074,7336600.0,0.0,0
2022-02-16,AMCR,11.680808308246837,11.799596074142618,11.581818031313064,11.651111602783203,6734200.0,0.0,0
2022-02-17,AMCR,11.631313006508035,11.7698992034617,11.631313006508035,11.67090892791748,9923900.0,0.0,0
2022-02-18,AMCR,11.710505090092118,11.90848470120974,11.680808384434789,11.760000228881836,27757800.0,0.0,0
2022-02-22,AMCR,11.81999969482422,11.84000015258789,11.59000015258789,11.699999809265137,10171300.0,0.12,0
2022-02-23,AMCR,11.770000457763672,11.779999732971191,11.609999656677246,11.630000114440918,10136800.0,0.0,0
2022-02-24,AMCR,11.40999984741211,11.539999961853027,11.199999809265137,11.479999542236328,12309300.0,0.0,0
2022-02-25,AMCR,11.489999771118164,11.84000015258789,11.449999809265137,11.800000190734863,9811700.0,0.0,0
2022-02-28,AMCR,11.539999961853027,11.699999809265137,11.470000267028809,11.630000114440918,10479100.0,0.0,0
2022-03-01,AMCR,11.56999969482422,11.670000076293944,11.199999809265137,11.260000228881836,9725100.0,0.0,0
2022-03-02,AMCR,11.260000228881836,11.479999542236328,11.239999771118164,11.420000076293944,6906800.0,0.0,0
2022-03-03,AMCR,11.460000038146973,11.529999732971191,11.300000190734863,11.350000381469728,11065000.0,0.0,0
2022-03-04,AMCR,11.199999809265137,11.3100004196167,11.100000381469728,11.289999961853027,5951200.0,0.0,0
2022-03-07,AMCR,11.170000076293944,11.199999809265137,10.789999961853027,10.789999961853027,11140100.0,0.0,0
2022-03-08,AMCR,10.829999923706056,11.239999771118164,10.65999984741211,10.9399995803833,14021000.0,0.0,0
2022-03-09,AMCR,11.15999984741211,11.199999809265137,11.020000457763672,11.09000015258789,6575800.0,0.0,0
2022-03-10,AMCR,10.920000076293944,11.039999961853027,10.739999771118164,10.899999618530272,8637200.0,0.0,0
2022-03-11,AMCR,10.970000267028809,11.039999961853027,10.880000114440918,10.899999618530272,8134700.0,0.0,0
2022-03-14,AMCR,11.050000190734863,11.539999961853027,11.020000457763672,11.289999961853027,11006700.0,0.0,0
2022-03-15,AMCR,11.279999732971191,11.31999969482422,11.130000114440918,11.239999771118164,7059700.0,0.0,0
2022-03-16,AMCR,11.289999961853027,11.510000228881836,11.210000038146973,11.460000038146973,7814900.0,0.0,0
2022-03-17,AMCR,11.420000076293944,11.670000076293944,11.380000114440918,11.609999656677246,6971800.0,0.0,0
2022-03-18,AMCR,11.640000343322754,11.6899995803833,11.43000030517578,11.670000076293944,15477600.0,0.0,0
2022-03-21,AMCR,11.699999809265137,11.739999771118164,11.390000343322754,11.460000038146973,6674300.0,0.0,0
2022-03-22,AMCR,11.529999732971191,11.619999885559082,11.40999984741211,11.449999809265137,7917100.0,0.0,0
2022-03-23,AMCR,11.369999885559082,11.40999984741211,11.210000038146973,11.220000267028809,5450000.0,0.0,0
2022-03-24,AMCR,11.220000267028809,11.300000190734863,11.149999618530272,11.279999732971191,4076100.0,0.0,0
2022-03-25,AMCR,11.239999771118164,11.4399995803833,11.239999771118164,11.34000015258789,7171700.0,0.0,0
2022-03-28,AMCR,11.34000015258789,11.369999885559082,11.18000030517578,11.350000381469728,8092900.0,0.0,0
2022-03-29,AMCR,11.479999542236328,11.609999656677246,11.390000343322754,11.56999969482422,7160300.0,0.0,0
2022-03-30,AMCR,11.56999969482422,11.579999923706056,11.460000038146973,11.529999732971191,4792600.0,0.0,0
2022-03-31,AMCR,11.539999961853027,11.59000015258789,11.31999969482422,11.329999923706056,7659100.0,0.0,0
2022-04-01,AMCR,11.449999809265137,11.539999961853027,11.34000015258789,11.539999961853027,7980900.0,0.0,0
2022-04-04,AMCR,11.460000038146973,11.520000457763672,11.329999923706056,11.479999542236328,5653000.0,0.0,0
2022-04-05,AMCR,11.489999771118164,11.619999885559082,11.43000030517578,11.479999542236328,4940800.0,0.0,0
2022-04-06,AMCR,11.390000343322754,11.539999961853027,11.350000381469728,11.5,6261300.0,0.0,0
2022-04-07,AMCR,11.479999542236328,11.59000015258789,11.359999656677246,11.529999732971191,6043500.0,0.0,0
2022-04-08,AMCR,11.59000015258789,11.789999961853027,11.510000228881836,11.720000267028809,5900800.0,0.0,0
2022-04-11,AMCR,11.651862843035213,11.760851013735792,11.602322421842242,11.622138023376465,4770100.0,0.0,0
2022-04-12,AMCR,11.641954628330376,11.721218924675547,11.48342603564003,11.55278205871582,3042300.0,0.0,0
2022-04-13,AMCR,11.582505629273683,11.632046049413916,11.493334006907176,11.592413902282717,4212000.0,0.0,0
2022-04-14,AMCR,11.62213752816354,11.691494492840413,11.562689781188968,11.562689781188965,3345200.0,0.0,0
2022-04-18,AMCR,11.513149464352038,11.612230303396109,11.40416129732749,11.42397689819336,3211300.0,0.0,0
2022-04-19,AMCR,11.384344453009652,11.691494290067531,11.384344453009652,11.651862144470217,4107400.0,0.0,0
2022-04-20,AMCR,11.731126927293984,11.94910420966669,11.69149478003576,11.899563789367676,6940900.0,0.0,0
2022-04-21,AMCR,11.968919460197654,12.008551606294802,11.790574330308036,11.82029914855957,5609800.0,0.0,0
2022-04-22,AMCR,11.78066726570258,11.78066726570258,11.4636091449358,11.473517417907717,4744100.0,0.0,0
2022-04-25,AMCR,11.453701760971086,11.552781655491916,11.245632754100953,11.54287338256836,8122100.0,0.0,0
2022-04-26,AMCR,11.513149812186205,11.602322381038956,11.38434509549944,11.503241539001465,20103900.0,0.0,0
2022-04-27,AMCR,11.493333512414791,11.968919257527464,11.46360869466659,11.90947151184082,28136300.0,0.0,0
2022-04-28,AMCR,11.9193788871797,12.087815742140172,11.691494286294876,12.02836799621582,14580100.0,0.0,0
2022-04-29,AMCR,12.077907673032623,12.167080238326609,11.70140275608786,11.75094223022461,17666700.0,0.0,0
2022-05-02,AMCR,11.750942490807518,11.840115058078949,11.414069712644777,11.592413902282717,12552400.0,0.0,0
2022-05-03,AMCR,11.641954657846442,11.94910451564142,11.562690361300309,11.85993194580078,11365700.0,0.0,0
2022-05-04,AMCR,12.553494387746426,13.058804961737378,12.256252818051458,12.999356269836426,28923700.0,0.0,0
2022-05-05,AMCR,12.761563206676415,12.761563206676415,12.38505734985232,12.523770332336426,22552500.0,0.0,0
2022-05-06,AMCR,12.513862206131142,12.801195502214227,12.375149222023657,12.69220733642578,16675400.0,0.0,0
2022-05-09,AMCR,12.573310507110444,12.69220789581704,12.464322336518498,12.494046211242676,17452900.0,0.0,0
2022-05-10,AMCR,12.612942564027485,12.662482984813582,12.28597710970613,12.444506645202637,15696500.0,0.0,0
2022-05-11,AMCR,12.365241306310905,12.682299429868442,12.325609158979328,12.39496612548828,19237200.0,0.0,0
2022-05-12,AMCR,12.385057394959258,12.543585978429954,12.305793103223907,12.454413414001465,13227600.0,0.0,0
2022-05-13,AMCR,12.55349465256877,12.751655388244082,12.494045959413716,12.652575492858888,12762600.0,0.0,0
2022-05-16,AMCR,12.593126931095885,12.890368510162622,12.583218657982508,12.821011543273926,11587800.0,0.0,0
2022-05-17,AMCR,13.03898826149335,13.247057263321643,12.920091824006452,13.207425117492676,13540800.0,0.0,0
2022-05-18,AMCR,13.088529417259103,13.088529417259103,12.553494945978088,12.612942695617676,12942100.0,0.0,0
2022-05-19,AMCR,12.503954219151607,12.94981611017404,12.494045946152127,12.840827941894531,14060800.0,0.0,0
2022-05-20,AMCR,12.95972413330786,12.99935627963674,12.56340267001905,12.81110382080078,16514000.0,0.0,0
2022-05-23,AMCR,12.959724178800558,13.118252764672569,12.84082773939655,12.93000030517578,12764400.0,0.0,0
2022-05-24,AMCR,12.890000343322754,12.979999542236328,12.6899995803833,12.960000038146973,10182600.0,0.12,0
2022-05-25,AMCR,12.9399995803833,13.039999961853027,12.829999923706056,12.970000267028809,10125900.0,0.0,0
2022-05-26,AMCR,13.0600004196167,13.239999771118164,13.039999961853027,13.100000381469728,10079000.0,0.0,0
2022-05-27,AMCR,13.1899995803833,13.3100004196167,13.119999885559082,13.3100004196167,8531400.0,0.0,0
2022-05-31,AMCR,13.170000076293944,13.260000228881836,13.010000228881836,13.100000381469728,35769100.0,0.0,0
2022-06-01,AMCR,13.050000190734863,13.3100004196167,13.029999732971191,13.1899995803833,11507000.0,0.0,0
2022-06-02,AMCR,13.279999732971191,13.460000038146973,13.149999618530272,13.449999809265137,6687600.0,0.0,0
2022-06-03,AMCR,13.350000381469728,13.5,13.31999969482422,13.390000343322754,7248200.0,0.0,0
2022-06-06,AMCR,13.449999809265137,13.609999656677246,13.380000114440918,13.489999771118164,5215700.0,0.0,0
2022-06-07,AMCR,13.399999618530272,13.510000228881836,13.239999771118164,13.479999542236328,9730900.0,0.0,0
2022-06-08,AMCR,13.31999969482422,13.40999984741211,13.289999961853027,13.350000381469728,5865500.0,0.0,0
2022-06-09,AMCR,13.300000190734863,13.359999656677246,13.140000343322754,13.170000076293944,9944000.0,0.0,0
2022-06-10,AMCR,12.93000030517578,12.960000038146973,12.640000343322754,12.760000228881836,8489200.0,0.0,0
2022-06-13,AMCR,12.529999732971191,12.56999969482422,12.25,12.289999961853027,9367200.0,0.0,0
2022-06-14,AMCR,12.300000190734863,12.380000114440918,12.0,12.09000015258789,12299500.0,0.0,0
2022-06-15,AMCR,12.220000267028809,12.239999771118164,11.8100004196167,12.100000381469728,12427200.0,0.0,0
2022-06-16,AMCR,11.859999656677246,11.949999809265137,11.630000114440918,11.710000038146973,10772200.0,0.0,0
2022-06-17,AMCR,11.710000038146973,11.81999969482422,11.59000015258789,11.720000267028809,16924800.0,0.0,0
2022-06-21,AMCR,11.84000015258789,11.960000038146973,11.789999961853027,11.920000076293944,8873400.0,0.0,0
2022-06-22,AMCR,11.789999961853027,12.010000228881836,11.739999771118164,11.859999656677246,7577600.0,0.0,0
2022-06-23,AMCR,11.859999656677246,11.949999809265137,11.75,11.9399995803833,9544000.0,0.0,0
2022-06-24,AMCR,12.039999961853027,12.420000076293944,11.989999771118164,12.40999984741211,12990300.0,0.0,0
2022-06-27,AMCR,12.380000114440918,12.479999542236328,12.31999969482422,12.369999885559082,13851300.0,0.0,0
2022-06-28,AMCR,12.420000076293944,12.539999961853027,12.279999732971191,12.329999923706056,8955100.0,0.0,0
2022-06-29,AMCR,12.470000267028809,12.630000114440918,12.34000015258789,12.550000190734863,10591500.0,0.0,0
2022-06-30,AMCR,12.399999618530272,12.550000190734863,12.31999969482422,12.43000030517578,8977600.0,0.0,0
2022-07-01,AMCR,12.359999656677246,12.550000190734863,12.170000076293944,12.529999732971191,9955600.0,0.0,0
2022-07-05,AMCR,12.350000381469728,12.4399995803833,12.109999656677246,12.4399995803833,7284300.0,0.0,0
2022-07-06,AMCR,12.470000267028809,12.65999984741211,12.31999969482422,12.649999618530272,11505700.0,0.0,0
2022-07-07,AMCR,12.699999809265137,12.779999732971191,12.579999923706056,12.65999984741211,7995600.0,0.0,0
2022-07-08,AMCR,12.68000030517578,12.699999809265137,12.399999618530272,12.4399995803833,6676400.0,0.0,0
2022-07-11,AMCR,12.25,12.739999771118164,12.220000267028809,12.600000381469728,9814500.0,0.0,0
2022-07-12,AMCR,12.539999961853027,12.619999885559082,12.420000076293944,12.460000038146973,9441000.0,0.0,0
2022-07-13,AMCR,12.239999771118164,12.43000030517578,12.229999542236328,12.380000114440918,6523700.0,0.0,0
2022-07-14,AMCR,12.149999618530272,12.399999618530272,12.119999885559082,12.390000343322754,8997900.0,0.0,0
2022-07-15,AMCR,12.579999923706056,12.59000015258789,12.369999885559082,12.479999542236328,6667200.0,0.0,0
2022-07-18,AMCR,12.550000190734863,12.5600004196167,12.260000228881836,12.329999923706056,5659600.0,0.0,0
2022-07-19,AMCR,12.539999961853027,12.6899995803833,12.529999732971191,12.630000114440918,6268400.0,0.0,0
2022-07-20,AMCR,12.579999923706056,12.59000015258789,12.31999969482422,12.479999542236328,12355600.0,0.0,0
2022-07-21,AMCR,12.380000114440918,12.649999618530272,12.380000114440918,12.640000343322754,8754000.0,0.0,0
2022-07-22,AMCR,12.68000030517578,12.75,12.56999969482422,12.600000381469728,7127500.0,0.0,0
2022-07-25,AMCR,12.600000381469728,12.75,12.5600004196167,12.739999771118164,5566800.0,0.0,0
2022-07-26,AMCR,12.729999542236328,12.90999984741211,12.640000343322754,12.899999618530272,8552200.0,0.0,0
2022-07-27,AMCR,12.890000343322754,12.960000038146973,12.600000381469728,12.880000114440918,9530400.0,0.0,0
2022-07-28,AMCR,12.960000038146973,13.050000190734863,12.699999809265137,13.039999961853027,10172100.0,0.0,0
2022-07-29,AMCR,13.0600004196167,13.0600004196167,12.880000114440918,12.949999809265137,33154900.0,0.0,0
2022-08-01,AMCR,12.93000030517578,13.220000267028809,12.899999618530272,13.039999961853027,7973100.0,0.0,0
2022-08-02,AMCR,12.989999771118164,13.100000381469728,12.699999809265137,12.75,7324000.0,0.0,0
2022-08-03,AMCR,12.81999969482422,12.81999969482422,12.59000015258789,12.720000267028809,6620600.0,0.0,0
2022-08-04,AMCR,12.699999809265137,12.8100004196167,12.579999923706056,12.59000015258789,7925700.0,0.0,0
2022-08-05,AMCR,12.449999809265137,12.479999542236328,12.15999984741211,12.270000457763672,6968900.0,0.0,0
2022-08-08,AMCR,12.390000343322754,12.43000030517578,12.300000190734863,12.390000343322754,5410700.0,0.0,0
2022-08-09,AMCR,12.40999984741211,12.479999542236328,12.31999969482422,12.399999618530272,8081600.0,0.0,0
2022-08-10,AMCR,12.59000015258789,12.800000190734863,12.569999694824219,12.710000038146973,6376800.0,0.0,0
2022-08-11,AMCR,12.779999732971191,12.8100004196167,12.604999542236328,12.630000114440918,6371180.0,0.0,0
